,Unnamed: 0,SALE TYPE,SOLD DATE,PROPERTY TYPE,ADDRESS,CITY,STATE OR PROVINCE,ZIP OR POSTAL CODE,PRICE,BEDS,BATHS,LOCATION,SQUARE FEET,LOT SIZE,YEAR BUILT,DAYS ON MARKET,$/SQUARE FEET,HOA/MONTH,STATUS,NEXT OPEN HOUSE START TIME,NEXT OPEN HOUSE END TIME,URL (SEE https://www.redfin.com/buy-a-home/comparative-market-analysis FOR INFO ON PRICING),SOURCE,MLS#,FAVORITE,INTERESTED,LATITUDE,LONGITUDE
0,0,MLS Listing,,Townhouse,90-27 186 St,Queens,NY,11423,799000,3.0,2.0,Hollis,,2500.0,1925.0,6,,,Active,,,https://www.redfin.com/NY/Queens/90-27-186th-St-11423/home/20765210,REBNY,PRCH-5000297,N,Y,40.7112733,-73.7737905
1,1,MLS Listing,,Townhouse,26 Lester Ct,Brooklyn,NY,11229,595000,2.0,2.5,Gerristen Beach,,1800.0,1930.0,20,,,Active,,,https://www.redfin.com/NY/Brooklyn/26-Lester-Ct-11229/home/40910250,REBNY,PRCH-4376702,N,Y,40.5877603,-73.9247421
2,2,MLS Listing,,Single Family Residential,9444 226th St,Floral Park,NY,11001,719000,3.0,2.0,Floral Park,,2400.0,1925.0,33,,,Active,,,https://www.redfin.com/NY/Floral-Park/9444-226th-St-11001/home/20477457,OneKey,3446280,N,Y,40.7212175,-73.72924
3,3,MLS Listing,,Single Family Residential,117-51 126th St,South Ozone Park,NY,11420,599000,3.0,2.0,South Ozone Park,,2100.0,1920.0,62,,,Active,,,https://www.redfin.com/NY/Queens/117-51-126th-St-11420/home/20719864,OneKey,3441422,N,Y,40.6737766,-73.8119125
4,4,MLS Listing,,Condo/Co-op,99-31 64th Ave Unit A-15,Queens,NY,11374,349000,1.0,1.0,Rego Park,968.0,38200.0,1947.0,65,361.0,814.0,Active,,,https://www.redfin.com/NY/Rego-Park/9931-64th-Ave-11374/unit-A15/home/40449539,REBNY,PRCH-3974324,N,Y,40.7317499,-73.8535799
5,5,MLS Listing,,Condo/Co-op,11 W 30th St Unit 12R,New York,NY,10001,1695000,2.0,2.0,Midtown South,1890.0,4937.0,1927.0,69,897.0,3388.0,Active,,,https://www.redfin.com/NY/New-York/11-W-30th-St-10001/unit-12R/home/182513684,REBNY,PRCH-3970387,N,Y,40.7464683,-73.9872992
6,6,MLS Listing,,Multi-Family (2-4 Unit),3086 Avenue W,Brooklyn,NY,11229,859000,3.0,2.0,Sheepshead Bay,,2000.0,1955.0,75,,,Active,,,https://www.redfin.com/NY/Brooklyn/3086-Avenue-W-11229/home/40865301,REBNY,PRCH-3971722,N,Y,40.5963917,-73.9346907
7,7,MLS Listing,,Condo/Co-op,211 Thompson St Unit 6M,New York,NY,10012,899000,1.0,1.5,Greenwich Village,,10000.0,1975.0,77,,1361.0,Active,,,https://www.redfin.com/NY/New-York/211-Thompson-St-10012/unit-6M/home/45141781,REBNY,PRCH-3970271,N,Y,40.7289082,-73.9994851
8,8,MLS Listing,,Multi-Family (2-4 Unit),71-09 73rd St,Glendale,NY,11385,895000,5.0,2.5,Glendale,,2017.0,1910.0,83,,,Active,,,https://www.redfin.com/NY/Queens/71-09-73rd-St-11385/home/20877533,OneKey,3436955,N,Y,40.7051351,-73.8772463
9,9,MLS Listing,,Condo/Co-op,172-27 Highland Ave Unit 1H,Queens,NY,11432,500000,2.0,2.5,Jamaica,,25000.0,1991.0,93,,370.0,Active,,,https://www.redfin.com/NY/Queens/17227-Highland-Ave-11432/unit-1H/home/20760650,REBNY,PRCH-3960099,N,Y,40.7134503,-73.7904076
10,10,MLS Listing,,Townhouse,111-56 144th St,Jamaica,NY,11435,529000,2.0,2.0,Jamaica,,2200.0,1945.0,96,,,Active,,,https://www.redfin.com/NY/Jamaica/111-56-144th-St-11435/home/20714726,OneKey,3434077,N,Y,40.6848845,-73.8002608
11,11,MLS Listing,,Single Family Residential,80-38 256th St,Glen Oaks,NY,11004,849000,4.0,2.5,Glen Oaks,1734.0,4000.0,1950.0,98,490.0,,Active,,,https://www.redfin.com/NY/Queens/80-38-256th-St-11004/home/20794042,OneKey,3433472,N,Y,40.742948,-73.7145709
12,12,MLS Listing,,Condo/Co-op,84-20 153rd Ave Unit 3C,Queens,NY,11414,279000,2.0,2.0,Lindenwood,,110550.0,1964.0,111,,1217.0,Active,,,https://www.redfin.com/NY/Queens/84-20-153rd-Ave-11414/unit-3C/home/20647590,REBNY,PRCH-3944575,N,Y,40.666096,-73.8488468
13,13,MLS Listing,,Condo/Co-op,351 S 3rd St Unit 3B,Brooklyn,NY,11211,1040000,2.0,1.0,Williamsburg,761.0,2950.0,2006.0,120,1367.0,280.0,Active,,,https://www.redfin.com/NY/Brooklyn/351-S-3rd-St-11211/unit-3B/home/40923720,REBNY,PRCH-3937696,N,Y,40.7094314,-73.9535061
14,14,MLS Listing,,Condo/Co-op,86-70 Francis Lewis Blvd Unit A52,Queens Village,NY,11427,189000,1.0,1.0,Hilltop Village,,,1954.0,140,,730.0,Active,,,https://www.redfin.com/NY/Queens-Village/8670-Francis-Lewis-BLVD-11427/unit-A52/home/175520289,OneKey,3424104,N,Y,40.7302787,-73.7442568
15,15,MLS Listing,,Co-op,417 Riverside Dr Unit 3A1,New York,NY,10025,1450000,2.0,1.0,Morningside Heights,,6625.0,1918.0,142,,2297.0,Active,,,https://www.redfin.com/NY/New-York/417-Riverside-Dr-10025/unit-3A1/home/45164302,REBNY,PRCH-3866235,N,Y,40.8073367,-73.9666342
16,16,MLS Listing,,Single Family Residential,320 Brinsmade Ave,Bronx,NY,10465,500000,3.0,1.0,BRONX,880.0,3324.0,1925.0,146,568.0,,Active,,,https://www.redfin.com/NY/The-Bronx/320-Brinsmade-Ave-10465/home/44788252,OneKey,H6202906,N,Y,40.8180068,-73.8216085
17,17,MLS Listing,,Condo/Co-op,110 W 80th St Unit 4r/F,New York,NY,10024,1899999,3.0,2.5,Upper West Side,,2043.0,1893.0,167,,1657.0,Active,,,https://www.redfin.com/NY/New-York/110-W-80th-St-10024/unit-4r-F/home/180603291,REBNY,PRCH-3852856,N,Y,40.7827605,-73.9758616
18,18,MLS Listing,,Condo/Co-op,301 E 87th St Unit 23F,New York,NY,10128,850000,1.0,1.0,Yorkville,,10067.0,1972.0,180,,1765.0,Active,,,https://www.redfin.com/NY/New-York/301-E-87th-St-10128/unit-23F/home/45161559,REBNY,PRCH-3845636,N,Y,40.7785894,-73.9507922
19,19,MLS Listing,,Condo/Co-op,118 E 60th St Unit 23A,New York,NY,10022,550000,1.0,1.0,Lenox Hill,,24100.0,1964.0,289,,1715.0,Active,,,https://www.redfin.com/NY/New-York/118-E-60th-St-10022/unit-23A/home/172384064,REBNY,PRCH-3766068,N,Y,40.7629068,-73.9686349
20,20,MLS Listing,,Condo/Co-op,200 Cabrini Blvd #1,New York,NY,10033,699000,2.0,1.0,Hudson Heights,997.0,382704.0,1939.0,457,701.0,1433.0,Active,,,https://www.redfin.com/NY/New-York/200-Cabrini-Blvd-10033/unit-1/home/115051448,REBNY,PRCH-3682387,N,Y,40.854604029,-73.9392436
21,21,MLS Listing,,Condo/Co-op,330 E 38th St Unit 24-A,New York,NY,10016,1295000,1.0,2.5,Murray Hill,1043.0,81173.0,1987.0,1,1242.0,843.0,Active,,,https://www.redfin.com/NY/New-York/330-E-38th-St-10016/unit-24A/home/45258125,REBNY,OLRS-1594952,N,Y,40.7463691,-73.9731773
22,22,MLS Listing,,Condo/Co-op,21-45 44th Dr Unit 1-J,Queens,NY,11101,754000,1.0,1.0,Hunters Point,628.0,7300.0,2010.0,1,1201.0,644.0,Active,,,https://www.redfin.com/NY/Long-Island-City/21-45-44th-Dr-11101/unit-1J/home/45109637,REBNY,OLRS-1600623,N,Y,40.7480735,-73.9457711
23,23,MLS Listing,,Condo/Co-op,300 E 85th St #202,New York,NY,10028,780000,1.0,1.0,Yorkville,700.0,11850.0,1987.0,1,1114.0,1684.0,Active,,,https://www.redfin.com/NY/New-York/300-E-85th-St-10028/unit-202/home/45230461,REBNY,OLRS-692860,N,Y,40.776824,-73.9519402
24,24,MLS Listing,,Condo/Co-op,159 W 118th St Unit 3-E,New York,NY,10026,1200000,3.0,2.0,Harlem,1296.0,10092.0,1900.0,1,926.0,807.0,Active,,,https://www.redfin.com/NY/New-York/159-W-118th-St-10026/unit-3E/home/45340661,REBNY,OLRS-527270,N,Y,40.8045193,-73.9512339
25,25,MLS Listing,,Townhouse,12 Agate Ct,Brooklyn,NY,11213,1700000,4.0,3.5,Stuyvesant Heights,2720.0,1240.0,1888.0,1,625.0,,Active,,,https://www.redfin.com/NY/Brooklyn/12-Agate-Ct-11213/home/40729644,REBNY,OLRS-0055205,N,Y,40.6782821,-73.939546
26,26,MLS Listing,,Condo/Co-op,177 Ninth Ave Ph -B,New York,NY,10011,5750000,2.0,2.5,Chelsea,2049.0,23765.0,2008.0,1,2806.0,7569.0,Active,,,https://www.redfin.com/NY/New-York/177-9th-Ave-10011/unit-B/home/174307908,REBNY,OLRS-745810,N,Y,40.7450569,-74.0027927
27,27,MLS Listing,,Condo/Co-op,112-01 Queens Blvd Unit 6-L,Queens,NY,11375,595000,1.0,1.0,Forest Hills,683.0,42680.0,1988.0,1,871.0,806.0,Active,,,https://www.redfin.com/NY/Queens/112-01-Queens-Blvd-11375/unit-6L/home/20914923,REBNY,OLRS-918299,N,Y,40.7190009,-73.8365029
28,28,MLS Listing,,Condo/Co-op,251 Seaman Ave Unit 5F,New York,NY,10034,699000,2.0,2.0,Inwood,1150.0,15000.0,1938.0,1,608.0,1282.0,Active,,,https://www.redfin.com/NY/New-York/251-Seaman-Ave-10034/unit-5F/home/45166505,REBNY,RPLU-28402027926,N,Y,40.8716437,-73.9178483
29,29,MLS Listing,,Condo/Co-op,264 W 22nd St #11,New York,NY,10011,499000,1.0,1.0,Chelsea,,2469.0,1920.0,1,,1280.0,Active,,,https://www.redfin.com/NY/New-York/264-W-22nd-St-10011/unit-11/home/53323250,REBNY,OLRS-1211671,N,Y,40.7442437,-73.9985898
30,30,MLS Listing,,Condo/Co-op,462 W 58th St Unit 4-A,New York,NY,10019,2150000,3.0,2.5,Hells Kitchen,1637.0,14095.0,2008.0,1,1313.0,1672.0,Active,,,https://www.redfin.com/NY/New-York/462-W-58th-St-10019/unit-4A/home/45322385,REBNY,OLRS-1546918,N,Y,40.7693647,-73.9875483
31,31,MLS Listing,,Condo/Co-op,300 E 71st St Unit 17-H,New York,NY,10021,1299000,2.0,2.0,Lenox Hill,,22595.0,1961.0,1,,2520.0,Active,,,https://www.redfin.com/NY/New-York/300-E-71st-St-10021/unit-17H/home/144319728,REBNY,OLRS-673046,N,Y,40.7676094,-73.958897
32,32,MLS Listing,,Condo/Co-op,13 W 13th St Unit 6-BS,New York,NY,10011,1299000,2.0,2.0,Greenwich Village,,18070.0,1962.0,1,,3080.0,Active,,,https://www.redfin.com/NY/New-York/13-W-13th-St-10011/unit-6BS/home/166831077,REBNY,OLRS-1823096,N,Y,40.7360052,-73.9950777
33,33,MLS Listing,,Condo/Co-op,401 E 60th St Unit 36-B,New York,NY,10022,1585000,2.0,2.0,Lenox Hill,1140.0,40200.0,1999.0,1,1390.0,1759.0,Active,,,https://www.redfin.com/NY/New-York/401-E-60th-St-10022/unit-36B/home/45315373,REBNY,OLRS-1705412,N,Y,40.7603031,-73.9610497
34,34,MLS Listing,,Condo/Co-op,304 E 73rd St Unit 2-F,New York,NY,10021,385000,0.0,1.0,Upper East Side,,5110.0,1910.0,1,,877.0,Active,,,https://www.redfin.com/NY/New-York/304-E-73rd-St-10021/unit-2F/home/45198631,REBNY,OLRS-1469161,N,Y,40.769048,-73.957453
35,35,MLS Listing,,Condo/Co-op,100 Park Ter W Unit 4-M,New York,NY,10034,499000,2.0,1.0,Inwood,,18650.0,1951.0,1,,811.0,Active,,,https://www.redfin.com/NY/New-York/100-Park-Ter-W-10034/unit-4M/home/148571905,REBNY,OLRS-1771961,N,Y,40.8717961,-73.916064
36,36,MLS Listing,,Condo/Co-op,205 E 78th St Unit 8-S,New York,NY,10075,395000,0.0,1.0,Upper East Side,,15835.0,1928.0,1,,993.0,Active,,,https://www.redfin.com/NY/New-York/205-E-78th-St-10075/unit-8S/home/144573967,REBNY,OLRS-122599,N,Y,40.7736038,-73.9573268
37,37,MLS Listing,,Townhouse,30 Gunther Pl,Brooklyn,NY,11233,1350000,5.0,4.5,Ocean Hill,2220.0,1313.0,1901.0,1,608.0,,Active,January-8-2023 01:00 PM,January-8-2023 03:00 PM,https://www.redfin.com/NY/Brooklyn/30-Gunther-Pl-11233/home/40719317,REBNY,OLRS-0082131,N,Y,40.6767282,-73.9120485
38,38,MLS Listing,,Multi-Family (2-4 Unit),228 W 136th St,New York,NY,10030,2695000,4.0,3.5,Harlem,3400.0,1665.0,1910.0,1,793.0,,Active,,,https://www.redfin.com/NY/New-York/228-W-136th-St-10030/home/166908956,REBNY,OLRS-0078338,N,Y,40.8163917,-73.9445813
39,39,MLS Listing,,Condo/Co-op,11 E 29th St Unit 48-C,New York,NY,10016,2100000,1.0,1.5,NoMad,991.0,7404.0,2005.0,1,2119.0,1254.0,Active,,,https://www.redfin.com/NY/New-York/11-E-29th-St-10016/unit-48C/home/45222464,REBNY,OLRS-1596112,N,Y,40.7449921,-73.985602
40,40,MLS Listing,,Condo/Co-op,7 Park Ave Unit 10-H,New York,NY,10016,399000,0.0,1.0,Murray Hill,,13054.0,1930.0,1,,958.0,Active,,,https://www.redfin.com/NY/New-York/7-Park-Ave-10016/unit-10H/home/53323726,REBNY,OLRS-1090028,N,Y,40.747171,-73.9809462
41,41,MLS Listing,,Condo/Co-op,3850 Hudson Manor Ter Unit 6-DE,Bronx,NY,10463,369000,2.0,2.0,Riverdale,1200.0,68625.0,1954.0,1,308.0,1270.0,Active,,,https://www.redfin.com/NY/BRONX/3850-HUDSON-MANOR-TER-10463/unit-6DE/home/40496842,REBNY,OLRS-1096719,N,Y,40.8895,-73.914807
42,42,MLS Listing,,Condo/Co-op,88 Greenwich St #917,New York,NY,10006,995000,1.0,1.0,Financial District,883.0,24470.0,1929.0,1,1127.0,1317.0,Active,,,https://www.redfin.com/NY/New-York/88-Greenwich-St-10006/unit-917/home/45204964,REBNY,OLRS-1438947,N,Y,40.7077981,-74.013828
43,43,MLS Listing,,Townhouse,,New York,NY,10016,5500000,6.0,6.0,Murray Hill,5800.0,1661.0,1850.0,1,948.0,,Active,,,https://www.redfin.com/NY/New-York/Undisclosed-address-10016/home/45333496,REBNY,OLRS-0022203,N,Y,40.7472682,-73.9802189
44,44,MLS Listing,,Condo/Co-op,100 W 58th St Unit 7-G,New York,NY,10019,1295000,2.0,2.0,Midtown Central,1161.0,10017.0,1928.0,1,1115.0,1839.0,Active,,,https://www.redfin.com/NY/New-York/100-W-58th-St-10019/unit-7G/home/45190128,REBNY,OLRS-1220201,N,Y,40.7650262,-73.9771152
45,45,MLS Listing,,Condo/Co-op,230 W 78th St Unit 5-A,New York,NY,10024,5345000,4.0,4.0,Upper West Side,2539.0,5108.0,2008.0,1,2105.0,3788.0,Active,,,https://www.redfin.com/NY/New-York/230-W-78th-St-10024/unit-5A/home/45223752,REBNY,OLRS-403403,N,Y,40.7828939,-73.9800849
46,46,MLS Listing,,Condo/Co-op,363 E 76th St Unit 5-M,New York,NY,10021,850000,2.0,1.0,Upper East Side,,19754.0,1963.0,1,,1826.0,Active,,,https://www.redfin.com/NY/New-York/363-E-76th-St-10021/unit-5M/home/45183512,REBNY,OLRS-1856971,N,Y,40.7707823,-73.9545398
47,47,MLS Listing,,Condo/Co-op,1 Central Park S #1801,New York,NY,10019,16500000,4.0,3.5,Central Park South,4064.0,53772.0,1905.0,1,4060.0,6732.0,Active,,,https://www.redfin.com/NY/New-York/1-Central-Park-S-10019/unit-1801/home/115134796,REBNY,OLRS-1702262,N,Y,40.7646455,-73.974393
48,48,MLS Listing,,Condo/Co-op,167 E 61ST St Unit 27-A,New York,NY,10065,1799000,2.0,2.0,Lenox Hill,1400.0,21087.0,1984.0,1,1285.0,3691.0,Active,,,https://www.redfin.com/NY/New-York/167-E-61st-St-10065/unit-27A/home/45156659,REBNY,OLRS-163278,N,Y,40.7631868,-73.9657847
49,49,MLS Listing,,Condo/Co-op,580 Marcy Ave Unit 4-B,Brooklyn,NY,11206,799000,1.0,1.0,Bed Stuy,740.0,2500.0,1931.0,1,1080.0,398.0,Active,,,https://www.redfin.com/NY/Brooklyn/580-Marcy-Ave-11206/unit-4B/home/40676452,REBNY,OLRS-1558666,N,Y,40.6948638,-73.9494549
50,50,MLS Listing,,Condo/Co-op,22 Mercer St Unit 2-D,New York,NY,10013,4750000,2.0,2.5,SoHo,2392.0,10484.0,1860.0,1,1986.0,2940.0,Active,,,https://www.redfin.com/NY/New-York/22-Mercer-St-10013/unit-2D/home/45189498,REBNY,OLRS-251996,N,Y,40.7206971,-74.001812
51,51,MLS Listing,,Condo/Co-op,530 E 76th St Unit 34/35AB,New York,NY,10021,3700000,4.0,3.5,Upper East Side,2930.0,9738.0,1986.0,1,1263.0,5031.0,Active,,,https://www.redfin.com/NY/New-York/530-E-76th-St-10021/unit-3435AB/home/130618209,REBNY,OLRS-622826,N,Y,40.7685084,-73.9499965
52,52,MLS Listing,,Condo/Co-op,630 First Ave Unit 9L,New York,NY,10016,1299000,2.0,2.0,Murray Hill,967.0,45526.0,1985.0,1,1343.0,1136.0,Active,,,https://www.redfin.com/NY/New-York/630-1st-Ave-10016/unit-9L/home/45258441,REBNY,RPLU-704119968829,N,Y,40.7451918,-73.9716642
53,53,MLS Listing,,Condo/Co-op,52 Park Ave #2,New York,NY,10016,2095000,2.0,2.5,Murray Hill,1231.0,2537.0,1984.0,1,1702.0,2317.0,Active,,,https://www.redfin.com/NY/New-York/52-Park-Ave-10016/unit-2/home/45313641,REBNY,OLRS-198466,N,Y,40.7493512,-73.9801398
54,54,MLS Listing,,Condo/Co-op,431 E 82nd St Unit 1-A,New York,NY,10028,280000,0.0,1.0,Yorkville,,2554.0,1910.0,1,,689.0,Active,,,https://www.redfin.com/NY/New-York/431-E-82nd-St-10028/unit-1A/home/45318792,REBNY,OLRS-757868,N,Y,40.7737792,-73.9495867
55,55,MLS Listing,,Condo/Co-op,25 Fifth Ave Unit 8-H,New York,NY,10003,1875000,1.0,1.0,Greenwich Village,724.0,10546.0,1921.0,1,2590.0,999.0,Active,,,https://www.redfin.com/NY/New-York/25-5th-Ave-10003/unit-8H/home/45221385,REBNY,OLRS-1358858,N,Y,40.7328142,-73.995445
56,56,MLS Listing,,Condo/Co-op,99 John St #2011,New York,NY,10038,870000,1.0,1.0,Financial District,798.0,29668.0,1933.0,1,1090.0,644.0,Active,,,https://www.redfin.com/NY/New-York/99-John-St-10038/unit-2011/home/45220150,REBNY,OLRS-1101067,N,Y,40.7083595,-74.0060041
57,57,MLS Listing,,Condo/Co-op,88 Greenwich St #329,New York,NY,10006,649000,0.0,1.0,Financial District,618.0,24470.0,1929.0,1,1050.0,921.0,Active,,,https://www.redfin.com/NY/New-York/88-Greenwich-St-10006/unit-329/home/45218139,REBNY,OLRS-1718282,N,Y,40.7077981,-74.013828
58,58,MLS Listing,,Townhouse,144 Cambridge Pl,Brooklyn,NY,11238,1895000,4.0,5.0,Clinton Hill,6184.0,1546.0,1899.0,1,306.0,,Active,,,https://www.redfin.com/NY/Brooklyn/144-Cambridge-Pl-11238/home/40732132,REBNY,OLRS-0078622,N,Y,40.6830251,-73.9629149
59,59,MLS Listing,,Condo/Co-op,39 W 84th St Unit 3-B,New York,NY,10024,650000,1.0,1.0,Upper West Side,,2043.0,1886.0,1,,660.0,Active,,,https://www.redfin.com/NY/New-York/39-W-84th-St-10024/unit-3B/home/114894722,REBNY,OLRS-1522583,N,Y,40.7849182,-73.9720409
60,60,MLS Listing,,Condo/Co-op,302 E 96th St Ph -4,New York,NY,10128,3795000,3.0,3.0,Yorkville,2290.0,5035.0,2018.0,1,1657.0,3191.0,Active,,,https://www.redfin.com/NY/New-York/302-E-96th-St-10128/unit-4/home/145167041,REBNY,OLRS-1745977,N,Y,40.783707,-73.946774
61,61,MLS Listing,,Condo/Co-op,177 E 77th St Unit 5-A,New York,NY,10075,3250000,3.0,2.0,Upper East Side,1600.0,10260.0,1942.0,1,2031.0,2500.0,Active,,,https://www.redfin.com/NY/New-York/177-E-77th-St-10075/unit-5A/home/45134309,REBNY,OLRS-1455724,N,Y,40.7733581,-73.9586221
62,62,MLS Listing,,Condo/Co-op,737 Park Ave Unit 9-A,New York,NY,10021,8990000,4.0,4.0,Lenox Hill,3164.0,14303.0,1940.0,1,2841.0,3898.0,Active,,,https://www.redfin.com/NY/New-York/737-Park-Ave-10021/unit-9A/home/105844446,REBNY,OLRS-1375313,N,Y,40.7703913,-73.9637714
63,63,MLS Listing,,Condo/Co-op,330 E 57th St #14,New York,NY,10022,2750000,2.0,2.5,Sutton,1891.0,3350.0,2005.0,1,1454.0,2443.0,Active,,,https://www.redfin.com/NY/New-York/330-E-57th-St-10022/unit-14/home/45207465,REBNY,OLRS-1745514,N,Y,40.7587165,-73.9642972
64,64,MLS Listing,,Condo/Co-op,322 W 57th St Unit 54-T,New York,NY,10019,8500000,4.0,4.0,Hells Kitchen,3417.0,52868.0,1978.0,1,2488.0,3277.0,Active,,,https://www.redfin.com/NY/New-York/322-W-57th-St-10019/unit-54T/home/144972779,REBNY,OLRS-1733689,N,Y,40.7670037,-73.9840606
65,65,MLS Listing,,Condo/Co-op,400 Fifth Ave Unit 41-A,New York,NY,10018,1595000,1.0,1.5,Garment District,766.0,16350.0,2010.0,1,2082.0,1345.0,Active,,,https://www.redfin.com/NY/New-York/400-5th-Ave-10018/unit-41A/home/45331546,REBNY,OLRS-1830354,N,Y,40.7500752,-73.9837835
66,66,MLS Listing,,Condo/Co-op,305 Second Ave #344,New York,NY,10003,2000000,2.0,1.0,Gramercy,1109.0,21432.0,1899.0,1,1803.0,949.0,Active,,,https://www.redfin.com/NY/New-York/305-2nd-Ave-10003/unit-344/home/45127789,REBNY,OLRS-1320185,N,Y,40.7344156,-73.9836325
67,67,MLS Listing,,Condo/Co-op,50 Kenilworth Pl Unit 6-G,Brooklyn,NY,11210,250000,1.0,1.0,Flatbush,775.0,26250.0,1955.0,1,323.0,676.0,Active,,,https://www.redfin.com/NY/Brooklyn/50-Kenilworth-Pl-11210/unit-6G/home/170607059,REBNY,OLRS-1870548,N,Y,40.6344763,-73.9510906
68,68,MLS Listing,,Condo/Co-op,515 E 85th St Unit 6-D,New York,NY,10028,650000,1.0,1.0,Yorkville,770.0,10300.0,1961.0,1,844.0,1894.0,Active,,,https://www.redfin.com/NY/New-York/515-E-85th-St-10028/unit-6D/home/169726898,REBNY,OLRS-1857992,N,Y,40.7751023,-73.9468888
69,69,MLS Listing,,Condo/Co-op,365 Bridge St Unit 8-J,Brooklyn,NY,11201,1285000,3.0,2.0,Downtown Brooklyn,1287.0,25500.0,1928.0,1,998.0,873.0,Active,,,https://www.redfin.com/NY/Brooklyn/365-Bridge-St-11201/unit-8J/home/40670168,REBNY,OLRS-1253266,N,Y,40.6925905,-73.9849373
70,70,MLS Listing,,Townhouse,502 Clinton Ave,Brooklyn,NY,11238,1500000,9.0,9.0,Clinton Hill,7500.0,2400.0,1930.0,1,200.0,,Active,,,https://www.redfin.com/NY/Brooklyn/502-Clinton-Ave-11238/home/40733147,REBNY,OLRS-0070397,N,Y,40.6830859,-73.96719
71,71,MLS Listing,,Townhouse,335 Riverside Dr,New York,NY,10025,15998000,8.0,7.5,Upper West Side,8000.0,2018.0,1901.0,1,2000.0,,Active,,,https://www.redfin.com/NY/New-York/335-Riverside-Dr-10025/home/45305353,REBNY,OLRS-0021773,N,Y,40.8019332,-73.9701239
72,72,MLS Listing,,Condo/Co-op,420 E 51st St Unit 8-B,New York,NY,10022,309000,1.0,1.0,Beekman,1000.0,18075.0,1962.0,1,309.0,3326.0,Active,,,https://www.redfin.com/NY/New-York/420-E-51st-St-10022/unit-8B/home/45155219,REBNY,OLRS-92607,N,Y,40.7540391,-73.9651308
73,73,MLS Listing,,Townhouse,212 W 11th St,New York,NY,10014,8500000,4.0,4.0,West Village,2952.0,1048.0,1856.0,1,2879.0,,Active,,,https://www.redfin.com/NY/New-York/212-W-11th-St-10014/home/45246281,REBNY,OLRS-0081291,N,Y,40.7363235,-74.0017461
74,74,MLS Listing,,Condo/Co-op,2 E 55th St Unit 822/31,New York,NY,10022,105000,1.0,2.0,Midtown Central,852.0,22544.0,1904.0,1,123.0,1195.0,Active,,,https://www.redfin.com/NY/New-York/2-E-55th-St-10022/unit-822-31/home/160603855,REBNY,OLRS-1808686,N,Y,40.7612128,-73.9729824
75,75,MLS Listing,,Condo/Co-op,20 W 72nd St Unit 1106-A,New York,NY,10023,479000,0.0,1.0,Lincoln Square,,10216.0,1925.0,1,,886.0,Active,,,https://www.redfin.com/NY/New-York/20-W-72nd-St-10023/unit-1106A/home/45333720,REBNY,OLRS-949609,N,Y,40.7765087,-73.9775392
76,76,MLS Listing,,Townhouse,148 29th St,Brooklyn,NY,11232,1650000,5.0,3.0,Greenwood,2100.0,2504.0,1934.0,1,786.0,,Active,,,https://www.redfin.com/NY/Brooklyn/148-29th-St-11232/home/40690145,REBNY,OLRS-0042176,N,Y,40.6586052,-74.0012715
77,77,MLS Listing,,Condo/Co-op,470 Columbus Ave #3,New York,NY,10024,9950000,4.0,4.5,Upper West Side,3570.0,5000.0,2022.0,1,2787.0,5737.0,Active,,,https://www.redfin.com/NY/New-York/470-Columbus-Ave-10024/unit-3/home/175534635,REBNY,OLRS-1944346,N,Y,40.7844254,-73.9740758
78,78,MLS Listing,,Condo/Co-op,153 Joralemon St Unit 4-R,Brooklyn,NY,11201,375000,1.0,1.0,Brooklyn Heights,,2050.0,1861.0,1,,1338.0,Active,,,https://www.redfin.com/NY/Brooklyn/153-Joralemon-St-11201/unit-4R/home/40647210,REBNY,OLRS-1940899,N,Y,40.6930356,-73.9933536
79,79,MLS Listing,,Condo/Co-op,380 Riverside Dr Unit 4Q,New York,NY,10025,2395000,3.0,2.0,Morningside Heights,,24800.0,1906.0,1,,3171.0,Active,,,https://www.redfin.com/NY/New-York/380-Riverside-Dr-10025/unit-4Q/home/52985134,REBNY,RPLU-440268933,N,Y,40.8050797,-73.9674377
80,80,MLS Listing,,Condo/Co-op,301 E 62nd St Unit 15-H,New York,NY,10065,995000,2.0,1.0,Lenox Hill,,11800.0,1958.0,1,,1651.0,Active,,,https://www.redfin.com/NY/New-York/301-E-62nd-St-10065/unit-15H/home/45158435,REBNY,OLRS-72113,N,Y,40.7624212,-73.9625338
81,81,MLS Listing,,Condo/Co-op,15 W 63rd St Unit 23B,New York,NY,10023,9995000,4.0,4.5,Lincoln Square,2907.0,7301.0,2000.0,1,3438.0,4691.0,Active,,,https://www.redfin.com/NY/New-York/15-W-63rd-St-10023/unit-23B/home/45316094,REBNY,PRCH-2872474,N,Y,40.7711139,-73.980845
82,82,MLS Listing,,Townhouse,159 E 78th St,New York,NY,10075,7100000,4.0,4.5,Upper East Side,2052.0,1839.0,1861.0,1,3460.0,,Active,,,https://www.redfin.com/NY/New-York/159-E-78th-St-10075/home/45285344,REBNY,OLRS-0071378,N,Y,40.7742176,-73.9587707
83,83,MLS Listing,,Condo/Co-op,12 Mercer St #3,New York,NY,10013,2800000,0.0,2.5,SoHo,2000.0,1769.0,1860.0,1,1400.0,2000.0,Active,,,https://www.redfin.com/NY/New-York/12-Mercer-St-10013/unit-3/home/174301104,REBNY,OLRS-1158160,N,Y,40.7204457,-74.0019943
84,84,MLS Listing,,Condo/Co-op,860 Fifth Ave Unit 8-E,New York,NY,10065,1495000,2.0,2.0,Lenox Hill,,24800.0,1949.0,1,,3691.0,Active,,,https://www.redfin.com/NY/New-York/860-5th-Ave-10065/unit-8E/home/168625302,REBNY,OLRS-1842380,N,Y,40.7694918,-73.9687464
85,85,MLS Listing,,Condo/Co-op,21 E 61st St Unit 9-E,New York,NY,10065,7495000,3.0,3.5,Lenox Hill,2507.0,21640.0,1950.0,1,2990.0,9579.0,Active,,,https://www.redfin.com/NY/New-York/21-E-61st-St-10065/unit-9E/home/105887635,REBNY,OLRS-1647906,N,Y,40.7652325,-73.9708126
86,86,MLS Listing,,Condo/Co-op,685 W End Ave Unit 4-B,New York,NY,10025,2550000,3.0,2.0,Upper West Side,2120.0,12583.0,1928.0,1,1203.0,3155.0,Active,,,https://www.redfin.com/NY/New-York/685-West-Dr-10025/unit-4-B/home/182981364,REBNY,OLRS-54637,N,Y,40.793662,-73.97483
87,87,MLS Listing,,Condo/Co-op,,New York,NY,10006,2950000,2.0,2.0,Financial District,1314.0,14217.0,2007.0,1,2245.0,2350.0,Active,,,https://www.redfin.com/NY/New-York/Undisclosed-address-10006/home/169568434,REBNY,OLRS-1856038,N,Y,40.7092191,-74.0137534
88,88,MLS Listing,,Condo/Co-op,,Brooklyn,NY,11231,2550000,3.0,2.5,Carroll Gardens,2400.0,4648.0,2019.0,1,1063.0,766.0,Active,,,https://www.redfin.com/NY/Brooklyn/Undisclosed-address-11231/home/182962013,REBNY,OLRS-1936118,N,Y,40.6763366,-74.0001966
89,89,MLS Listing,,Condo/Co-op,710 Park Ave Unit 17-B,New York,NY,10021,3495000,3.0,3.5,Lenox Hill,2300.0,12552.0,1947.0,1,1520.0,6577.0,Active,,,https://www.redfin.com/NY/New-York/710-Park-Ave-10021/unit-17B/home/45211654,REBNY,OLRS-1944771,N,Y,40.7697663,-73.9652198
90,90,MLS Listing,,Townhouse,,New York,NY,10065,7800000,0.0,,Lenox Hill,7200.0,1808.0,1899.0,1,1083.0,,Active,,,https://www.redfin.com/NY/New-York/Undisclosed-address-10065/home/171803299,REBNY,OLRS-0078651,N,Y,40.7636541,-73.9681695
91,91,MLS Listing,,Condo/Co-op,165 Chrystie St,New York,NY,10002,7995000,3.0,3.0,Lower East Side,3308.0,2650.0,2018.0,1,2417.0,2594.0,Active,,,https://www.redfin.com/NY/New-York/165-Chrystie-St-10002/Ph/home/180975332,REBNY,OLRS-1887535,N,Y,40.720727,-73.9928511
92,92,MLS Listing,,Condo/Co-op,781 Fifth Ave #2307,New York,NY,10022,1775000,1.0,1.5,Lenox Hill,,12500.0,1927.0,1,,10303.0,Active,,,https://www.redfin.com/NY/New-York/781-5th-Ave-10022/unit-2307/home/45156278,REBNY,PRCH-3208981,N,Y,40.7643205,-73.9725177
93,93,MLS Listing,,Condo/Co-op,421 Hudson St #316,New York,NY,10014,3790000,3.0,2.5,West Village,2425.0,27622.0,1911.0,1,1563.0,3333.0,Active,,,https://www.redfin.com/NY/New-York/421-Hudson-St-10014/unit-316/home/45127024,REBNY,OLRS-1357675,N,Y,40.72986,-74.0072895
94,94,MLS Listing,,Condo/Co-op,781 Fifth Ave #2804,New York,NY,10022,1900000,2.0,2.0,Lenox Hill,,12500.0,1927.0,1,,13841.0,Active,,,https://www.redfin.com/NY/New-York/781-5th-Ave-10022/unit-2804/home/174661876,REBNY,OLRS-1927860,N,Y,40.7643205,-73.9725177
95,95,MLS Listing,,Condo/Co-op,401 Rutland Rd Unit 5-B,Brooklyn,NY,11203,529000,1.0,1.0,Northeast Flatbush,508.0,4569.0,2016.0,1,1041.0,528.0,Active,January-7-2023 12:00 PM,January-7-2023 02:00 PM,https://www.redfin.com/NY/Brooklyn/401-Rutland-Rd-11203/unit-5-B/home/183051598,REBNY,OLRS-1930180,N,Y,40.6597579,-73.9473211
96,96,MLS Listing,,Townhouse,70 89th St,Brooklyn,NY,11209,4200000,6.0,4.5,Fort Hamilton,2791.0,6420.0,1925.0,1,1505.0,,Active,,,https://www.redfin.com/NY/Brooklyn/70-89th-St-11209/home/40819235,REBNY,OLRS-0066624,N,Y,40.6226256,-74.0384351
97,97,MLS Listing,,Condo/Co-op,50 Brighton 1st Rd Unit 9-H,Brooklyn,NY,11235,489000,1.0,1.0,Brighton Beach,,77620.0,1963.0,1,,775.0,Active,,,https://www.redfin.com/NY/Brooklyn/50-Brighton-1st-Rd-11235/unit-9H/home/40914984,REBNY,OLRS-775906,N,Y,40.5752727,-73.9672243
98,98,MLS Listing,,Condo/Co-op,320 E 14th St #5,New York,NY,10003,1499000,4.0,3.0,East Village,,2322.0,1920.0,1,,3193.0,Active,January-8-2023 12:00 PM,January-8-2023 01:00 PM,https://www.redfin.com/NY/New-York/320-E-14th-St-10003/unit-5/home/174486694,REBNY,OLRS-1925706,N,Y,40.731741,-73.9842352
99,99,MLS Listing,,Condo/Co-op,70 W 139th St Unit 8-I,New York,NY,10037,698000,1.0,1.0,Harlem,,16986.0,1940.0,1,,487.0,Active,,,https://www.redfin.com/NY/New-York/70-W-139th-St-10037/unit-8I/home/168702132,REBNY,OLRS-1844802,N,Y,40.8162042,-73.9383242
100,100,MLS Listing,,Condo/Co-op,1080 Fifth Ave Unit 2-A,New York,NY,10128,2695000,3.0,4.5,Carnegie Hill,,7471.0,1960.0,1,,4397.0,Active,,,https://www.redfin.com/NY/New-York/1080-5th-Ave-10128/unit-2-A/home/175471655,REBNY,OLRS-1943696,N,Y,40.7834883,-73.9586193
101,101,MLS Listing,,Condo/Co-op,223 Pulaski St Unit 1A,Brooklyn,NY,11206,569000,1.0,1.5,Stuyvesant Heights,900.0,,2015.0,1,632.0,456.0,Active,,,https://www.redfin.com/NY/Brooklyn/223-Pulaski-St-11206/unit-1A/home/109566302,REBNY,RLMX-012130023826,N,Y,40.6933448,-73.9422966
102,102,MLS Listing,,Condo/Co-op,1 Central Park S #1511,New York,NY,10019,3500000,1.0,1.5,Central Park South,1142.0,53772.0,1905.0,1,3065.0,1827.0,Active,January-5-2023 02:00 PM,January-5-2023 04:00 PM,https://www.redfin.com/NY/New-York/1-Central-Park-S-10019/unit-1511/home/175579901,REBNY,OLRS-520656,N,Y,40.7646455,-73.974393
103,103,MLS Listing,,Condo/Co-op,401 Rutland Rd Unit 5-C,Brooklyn,NY,11203,875000,2.0,2.0,Northeast Flatbush,918.0,4569.0,2016.0,1,953.0,950.0,Active,January-7-2023 12:00 PM,January-7-2023 02:00 PM,https://www.redfin.com/NY/Brooklyn/401-Rutland-Rd-11203/unit-5-C/home/183016912,REBNY,OLRS-1930182,N,Y,40.6597579,-73.9473211
104,104,MLS Listing,,Condo/Co-op,29 E 64th St Unit 2-A,New York,NY,10065,3250000,4.0,3.0,Lenox Hill,,11045.0,1922.0,1,,6284.0,Active,,,https://www.redfin.com/NY/New-York/29-E-64th-St-10065/unit-2A/home/45202470,REBNY,OLRS-376084,N,Y,40.7666978,-73.9687304
105,105,MLS Listing,,Condo/Co-op,274 Saint Johns Pl Unit 3-D,Brooklyn,NY,11217,825000,2.0,1.0,Prospect Heights,,5433.0,1912.0,1,,936.0,Active,,,https://www.redfin.com/NY/Brooklyn/274-St-Johns-Pl-11238/unit-3D/home/40649139,REBNY,OLRS-1290398,N,Y,40.673799,-73.9681495
106,106,MLS Listing,,Condo/Co-op,5 E 75th St #6,New York,NY,10021,2495000,1.0,1.0,Upper East Side,,3065.0,1901.0,1,,2244.0,Active,,,https://www.redfin.com/NY/New-York/5-E-75th-St-10021/unit-6/home/45230856,REBNY,OLRS-640408,N,Y,40.7742867,-73.9647516
107,107,MLS Listing,,Condo/Co-op,303 E 57th St Unit 6-AB,New York,NY,10022,895000,2.0,2.5,Sutton,2000.0,34926.0,1967.0,1,448.0,5258.0,Active,,,https://www.redfin.com/NY/New-York/303-E-57th-St-10022/unit-6AB/home/45211169,REBNY,OLRS-110508,N,Y,40.7595774,-73.964779
108,108,MLS Listing,,Condo/Co-op,3245 Perry Ave Unit 5A,Bronx,NY,10467,255000,1.0,1.0,Norwood,744.0,7500.0,1940.0,1,343.0,685.0,Active,,,https://www.redfin.com/NY/The-Bronx/3245-Perry-Ave-10467/unit-6G/home/44600618,REBNY,CORC-20814906,N,Y,40.8758111,-73.8765929
109,109,MLS Listing,,Condo/Co-op,90 15th St,Brooklyn,NY,11215,1450000,3.0,3.0,Gowanus,,1188.0,1899.0,1,,,Active,,,https://www.redfin.com/NY/Brooklyn/90-15th-St-11215/home/40702068,REBNY,CORC-21115726,N,Y,40.6675129,-73.9937614
110,110,MLS Listing,,Condo/Co-op,415 E 52nd St Unit 1-AC,New York,NY,10022,395000,0.0,1.0,Beekman,,46575.0,1954.0,1,,826.0,Active,,,https://www.redfin.com/NY/New-York/415-E-52nd-St-10022/unit-1AC/home/175259337,REBNY,OLRS-1940823,N,Y,40.7548672,-73.964448
111,111,MLS Listing,,Condo/Co-op,,New York,NY,10019,3450000,1.0,1.5,Midtown Central,1037.0,23808.0,2013.0,1,3327.0,1338.0,Active,,,https://www.redfin.com/NY/New-York/Undisclosed-address-10019/home/102004317,REBNY,OLRS-1898750,N,Y,40.7654184,-73.9791558
112,112,MLS Listing,,Condo/Co-op,,New York,NY,10033,699000,2.0,1.0,Washington Heights,,11175.0,1907.0,1,,1009.0,Active,,,https://www.redfin.com/NY/New-York/Undisclosed-address-10033/home/175855344,REBNY,OLRS-1948940,N,Y,40.8503073,-73.9387285
113,113,MLS Listing,,Multi-Family (2-4 Unit),690 HUMBOLDT St,Brooklyn,NY,11222,1795000,3.0,3.0,Greenpoint,2469.0,1800.0,1901.0,1,727.0,,Active,,,https://www.redfin.com/NY/Brooklyn/690-Humboldt-St-11222/home/40741103,REBNY,OLRS-0081762,N,Y,40.7250168,-73.9451094
114,114,MLS Listing,,Condo/Co-op,250 W 81st St Unit 8-B,New York,NY,10024,6250000,4.0,3.5,Upper West Side,,7900.0,2019.0,1,,3404.0,Active,,,https://www.redfin.com/NY/New-York/250-W-81st-St-10024/unit-8B/home/145345063,REBNY,OLRS-1745397,N,Y,40.7852127,-73.9794479
115,115,MLS Listing,,Townhouse,109 Waverly Pl,New York,NY,10011,24950000,8.0,6.5,Greenwich Village,8300.0,2517.0,1840.0,1,3006.0,,Active,,,https://www.redfin.com/NY/New-York/109-Waverly-Pl-10011/home/45243706,REBNY,OLRS-0021995,N,Y,40.7326368,-73.998918
116,116,MLS Listing,,Condo/Co-op,27-04 ASTORIA Blvd Unit GARDEN 1B,Queens,NY,11102,1250000,1.0,1.0,Astoria,1439.0,2741.0,1973.0,1,869.0,324.0,Active,,,https://www.redfin.com/NY/Long-Island-City/27-04-Astoria-Blvd-11102/unit-GARDEN-1B/home/175936913,REBNY,RLMX-00382002247056,N,Y,40.7706892,-73.9212902
117,117,MLS Listing,,Condo/Co-op,111 Montgomery St Unit 5-Q,Brooklyn,NY,11225,549000,0.0,1.0,Crown Heights,,21700.0,2018.0,1,,437.0,Active,,,https://www.redfin.com/NY/Brooklyn/111-Montgomery-St-11225/unit-5-Q/home/177554051,REBNY,OLRS-1964650,N,Y,40.6666595,-73.9605853
118,118,MLS Listing,,Condo/Co-op,504 Grand St Unit H34,New York,NY,10002,620000,1.0,1.0,Lower East Side,,,1929.0,1,,740.0,Active,,,https://www.redfin.com/NY/New-York/504-Grand-St-10002/unit-H34/home/45140568,OneKey,H6184110,N,Y,40.7152214,-73.9819469
119,119,MLS Listing,,Townhouse,2253 Tiebout Ave,Bronx,NY,10457,485000,3.0,1.0,Tremont,1526.0,1375.0,1901.0,1,318.0,,Active,,,https://www.redfin.com/NY/The-Bronx/2253-Tiebout-Ave-10457/home/44716646,REBNY,RLMX-005150031039,N,Y,40.8558128,-73.8979066
120,120,MLS Listing,,Condo/Co-op,139 HURON St,Brooklyn,NY,11222,3950000,3.0,2.5,Greenpoint,2001.0,5000.0,1903.0,1,1974.0,1810.0,Active,,,https://www.redfin.com/NY/Brooklyn/139-Huron-St-11222/Ph/home/180464408,REBNY,OLRS-1928252,N,Y,40.7331412,-73.95587
121,121,MLS Listing,,Townhouse,979 Metropolitan Ave,Brooklyn,NY,11211,2650000,9.0,8.0,East Williamsburg,4125.0,2500.0,1920.0,1,642.0,,Active,,,https://www.redfin.com/NY/Brooklyn/979-Metropolitan-Ave-11211/home/40743731,REBNY,OLRS-0085700,N,Y,40.7146908,-73.9367858
122,122,MLS Listing,,Townhouse,257 Powers St,Brooklyn,NY,11211,3395000,13.0,10.5,East Williamsburg,6089.0,4115.0,1920.0,1,558.0,,Active,,,https://www.redfin.com/NY/Brooklyn/257-Powers-St-11211/home/40743430,REBNY,OLRS-0085710,N,Y,40.7131398,-73.9397249
123,123,MLS Listing,,Condo/Co-op,1020 Park Ave Unit 16A,New York,NY,10028,2950000,3.0,4.5,Upper East Side,,8551.0,1963.0,1,,6221.0,Active,,,https://www.redfin.com/NY/New-York/1020-Park-Ave-10028/unit-16A/home/178315761,REBNY,RPLU-33421600001,N,Y,40.7797882,-73.9578638
124,124,MLS Listing,,Condo/Co-op,358 W 23rd St Unit 1B,New York,NY,10011,600000,0.0,1.0,Chelsea,437.0,2469.0,1850.0,1,1373.0,744.0,Active,,,https://www.redfin.com/NY/New-York/358-W-23rd-St-10011/unit-1B/home/45248727,REBNY,RPLU-33421772193,N,Y,40.7460422,-74.0008882
125,125,MLS Listing,,Condo/Co-op,181 E 101st St #707,New York,NY,10029,535000,0.0,1.0,East Harlem,418.0,8074.0,2021.0,1,1280.0,379.0,Active,,,https://www.redfin.com/NY/New-York/181-E-101st-St-10029/unit-707/home/177697663,REBNY,PRCH-3725950,N,Y,40.7887501,-73.9473884
126,126,MLS Listing,,Condo/Co-op,846 President St Unit 5-F,Brooklyn,NY,11215,625000,1.0,1.0,Park Slope,,2083.0,1875.0,1,,551.0,Active,,,https://www.redfin.com/NY/Brooklyn/846-President-St-11215/unit-5F/home/40681751,REBNY,OLRS-773054,N,Y,40.6733141,-73.9749411
127,127,MLS Listing,,Condo/Co-op,627 HALSEY St #4,Brooklyn,NY,11233,895000,2.0,2.0,Stuyvesant Heights,862.0,1800.0,2019.0,1,1038.0,490.0,Active,January-8-2023 11:00 AM,January-8-2023 12:00 PM,https://www.redfin.com/NY/Brooklyn/627-Halsey-St-11233/unit-4/home/177277743,REBNY,RPLU-33421455616,N,Y,40.6846389,-73.9272115
128,128,MLS Listing,,Condo/Co-op,160 Bleecker St Unit 3KW,New York,NY,10012,455000,0.0,1.0,New York,,,,1,,777.0,Active,,,https://www.redfin.com/NY/New-York/160-Bleecker-St-10012/unit-3KW/home/175700383,OneKey,H6179773,N,Y,40.7284664,-74.0002081
129,129,MLS Listing,,Condo/Co-op,250 E 87th St Unit 7-J,New York,NY,10128,590000,1.0,1.0,Yorkville,,25177.0,1971.0,1,,1129.0,Active,,,https://www.redfin.com/NY/New-York/250-E-87th-St-10128/unit-7-J/home/181512768,REBNY,OLRS-1996830,N,Y,40.7785165,-73.9517317
130,130,MLS Listing,,Condo/Co-op,3215 Avenue H Unit 12G,Brooklyn,NY,11210,329000,1.0,1.0,Flatbush,,30135.0,1963.0,1,,689.0,Active,January-7-2023 12:00 PM,January-7-2023 03:00 PM,https://www.redfin.com/NY/Brooklyn/3215-Avenue-H-11210/unit-12G/home/63687735,REBNY,PRCH-3854445,N,Y,40.6320616,-73.9452586
131,131,MLS Listing,,Condo/Co-op,83-40 Austin St Unit 1A,Kew Gardens,NY,11415,160000,0.0,1.0,Texas,450.0,,1956.0,1,356.0,465.0,Active,,,https://www.redfin.com/NY/Queens/83-40-Austin-St-11415/unit-1A/home/180783149,OneKey,3420448,N,Y,40.7083799,-73.8290102
132,132,MLS Listing,,Condo/Co-op,130 8th Ave Unit 4B,Brooklyn,NY,11215,699000,1.0,1.0,Park Slope,710.0,11800.0,1950.0,1,985.0,1300.0,Active,January-8-2023 02:00 PM,January-8-2023 03:30 PM,https://www.redfin.com/NY/Brooklyn/130-8th-Ave-11215/unit-4B/home/40663180,REBNY,RPLU-33422015700,N,Y,40.6721573,-73.9741415
133,133,MLS Listing,,Multi-Family (2-4 Unit),43-04 60th St,Woodside,NY,11377,1549000,6.0,5.0,Woodside,2992.0,2642.0,1935.0,1,518.0,,Active,,,https://www.redfin.com/NY/Queens/43-04-60th-St-11377/home/20934282,OneKey,3450507,N,Y,40.742631025,-73.904352
134,134,MLS Listing,,Multi-Family (2-4 Unit),69-28 Gouverneur Ave,Arverne,NY,11692,609999,5.0,2.0,Arverne,,3000.0,1930.0,1,,,Active,,,https://www.redfin.com/NY/Far-Rockaway/69-28-Gouverneur-Ave-11692/home/20669923,OneKey,3450510,N,Y,40.5935502,-73.7997218
135,135,MLS Listing,,Multi-Family (2-4 Unit),1497 E 34th St,Brooklyn,NY,11234,1490000,7.0,3.0,Brooklyn,3455.0,2450.0,1940.0,1,431.0,,Active,,,https://www.redfin.com/NY/Brooklyn/1497-E-34th-St-11234/home/40873225,BNYMLS,470807,N,Y,40.6184743,-73.94116
136,136,MLS Listing,,Multi-Family (2-4 Unit),4111 8th Ave,Brooklyn,NY,11232,2499000,6.0,2.0,Brooklyn,3300.0,2000.0,1912.0,1,757.0,,Active,,,https://www.redfin.com/NY/Brooklyn/4111-8th-Ave-11232/home/171331788,BNYMLS,470808,N,Y,40.6458011,-73.9985898
137,137,MLS Listing,,Single Family Residential,71 Regal Walk #108,Staten Island,NY,10303,475000,2.0,2.0,Graniteville,1609.0,1230.0,1987.0,1,295.0,275.0,Active,,,https://www.redfin.com/NY/Staten-Island/71-Regal-Walk-10303/unit-108/home/56108461,SIBORMLS,1159391,N,Y,40.6211856,-74.1662601
138,138,MLS Listing,,Single Family Residential,6034 Huxley Ave,Bronx,NY,10471,888800,3.0,1.5,BRONX,2200.0,1750.0,1930.0,1,404.0,,Active,,,https://www.redfin.com/NY/The-Bronx/6034-Huxley-Ave-10471/home/44798707,OneKey,H6224471,N,Y,40.908537,-73.8977923
139,139,MLS Listing,,Single Family Residential,3822 Atlantic Ave,Brooklyn,NY,11224,1150000,3.0,3.0,Brooklyn,1496.0,3000.0,1965.0,1,769.0,,Active,,,https://www.redfin.com/NY/Brooklyn/3822-Atlantic-Ave-11224/home/40852129,BNYMLS,470823,N,Y,40.5735856,-74.0053347
140,140,MLS Listing,,Condo/Co-op,480 Riverdale Ave Unit 2J,Yonkers,NY,10705,189900,2.0,1.0,Valentine Manor,900.0,,1958.0,1,211.0,715.0,Active,,,https://www.redfin.com/NY/Yonkers/480-Riverdale-Ave-10705/unit-2J/home/183645554,OneKey,H6225504,N,Y,40.9155101,-73.9017689
141,141,MLS Listing,,Single Family Residential,21 Thelma Ct,Staten Island,NY,10304,360000,2.0,1.0,Stapleton,768.0,800.0,1990.0,1,469.0,,Active,,,https://www.redfin.com/NY/Staten-Island/21-Thelma-Ct-10304/home/56048770,SIBORMLS,1159390,N,Y,40.6212576,-74.0782616
142,142,MLS Listing,,Condo/Co-op,39-65 52 St Unit 2W,Woodside,NY,11377,479000,2.0,1.5,Berkley Tower,860.0,,1960.0,1,557.0,612.0,Active,,,https://www.redfin.com/NY/Queens/39-65-52nd-St-11377/unit-2-W/home/176162189,OneKey,3450497,N,Y,40.7468106,-73.9119663
143,143,MLS Listing,,Condo/Co-op,175 W 13th St Unit 7G,New York,NY,10011,580000,0.0,1.0,Greenwich Village,,8883.0,1962.0,1,,1270.0,Active,,,https://www.redfin.com/NY/New-York/175-W-13th-St-10011/unit-7G/home/45143189,REBNY,RPLU-33422218422,N,Y,40.737865,-73.999846
144,144,MLS Listing,,Condo/Co-op,123-40 83rd Ave Unit 3D,Kew Gardens,NY,11415,349000,2.0,1.0,Park Chateau,906.0,,1960.0,1,385.0,992.0,Active,January-8-2023 01:00 PM,January-8-2023 02:30 PM,https://www.redfin.com/NY/Queens/12340-83rd-Ave-11415/unit-3D/home/180658042,OneKey,3450492,N,Y,40.7112411,-73.826808
145,145,MLS Listing,,Multi-Family (2-4 Unit),1498 E 13th St,Brooklyn,NY,11230,1600000,6.0,2.0,Brooklyn,,2000.0,1925.0,1,,,Active,,,https://www.redfin.com/NY/Brooklyn/1498-E-13th-St-11230/home/183644346,BNYMLS,470843,N,Y,40.612754,-73.9609385
146,146,MLS Listing,,Condo/Co-op,28 Holiday Way #48,Staten Island,NY,10314,418700,2.0,1.5,Holiday Villa I,851.0,,1986.0,1,492.0,262.0,Active,,,https://www.redfin.com/NY/Staten-Island/28-Holiday-Way-10314/unit-48/home/183640466,OneKey,H6225501,N,Y,40.6209236,-74.1509828
147,147,MLS Listing,,Single Family Residential,26 Legate Ave,Staten Island,NY,10312,450000,2.0,1.5,Annandale,1890.0,1092.0,1990.0,1,238.0,70.0,Active,,,https://www.redfin.com/NY/Staten-Island/26-Legate-Ave-10312/home/56083504,SIBORMLS,1159389,N,Y,40.5539993,-74.1866677
148,148,MLS Listing,,Multi-Family (2-4 Unit),603 QUINCY St,Brooklyn,NY,11221,1799000,5.0,3.0,Stuyvesant Heights,2700.0,2000.0,1899.0,1,666.0,,Active,,,https://www.redfin.com/NY/Brooklyn/603-Quincy-St-11221/home/40720528,REBNY,OLRS-0089240,N,Y,40.6889592,-73.9350364
149,149,MLS Listing,,Condo/Co-op,5700 Arlington Ave Unit 2M/2N,Bronx,NY,10471,499000,3.0,2.0,Skyview On Hudson,1200.0,,1961.0,1,416.0,1344.0,Active,,,https://www.redfin.com/NY/The-Bronx/5700-Arlington-Ave-10471/unit-2M/home/44800470,OneKey,H6225498,N,Y,40.90707,-73.906393
150,150,MLS Listing,,Condo/Co-op,800 W End Ave Unit 10A,New York,NY,10025,2995000,3.0,3.0,Upper West Side,,13458.0,1925.0,1,,3871.0,Active,January-8-2023 01:00 PM,January-8-2023 02:30 PM,https://www.redfin.com/NY/New-York/800-W-End-Ave-10025/unit-10A/home/45199567,REBNY,RPLU-403622218554,N,Y,40.7969652,-73.971662
151,151,MLS Listing,,Condo/Co-op,75-34 Bell Blvd Unit 3D,Bayside,NY,11364,449000,2.0,2.0,Windsor Oak,1200.0,,1950.0,1,374.0,1272.0,Active,,,https://www.redfin.com/NY/Oakland-Gardens/75-34-Bell-Blvd-11364/unit-3D/home/108534758,OneKey,3449167,N,Y,40.7365511,-73.7584564
152,152,MLS Listing,,Condo/Co-op,94-11 59th Ave Unit C3,Elmhurst,NY,11373,445000,2.0,1.0,The Edwardian,950.0,,1964.0,1,468.0,946.0,Active,,,https://www.redfin.com/NY/Elmhurst/94-11-59th-Ave-11373/unit-C3/home/143743731,OneKey,3450429,N,Y,40.73526,-73.8666067
153,153,MLS Listing,,Condo/Co-op,33-25 92nd St Unit 1B,Jackson Heights,NY,11372,285000,1.0,1.0,Southridge Section 1,,,1958.0,1,,717.0,Active,,,https://www.redfin.com/NY/Jackson-Heights/33-25-92nd-St-11372/unit-1B/home/20660734,OneKey,3449631,N,Y,40.7555675,-73.8757501
154,154,MLS Listing,,Condo/Co-op,144-19 78th. Rd Unit 3F,Flushing,NY,11367,259888,2.0,1.0,Kew Terrace,633.0,,1945.0,1,411.0,694.0,Active,January-7-2023 11:00 AM,January-7-2023 01:00 PM,https://www.redfin.com/NY/Flushing/14419-78th-Rd-11367/unit-3F/home/40468366,OneKey,3449865,N,Y,40.71999,-73.81715
155,155,MLS Listing,,Multi-Family (2-4 Unit),2031 Strang Ave,Bronx,NY,10466,760000,6.0,3.0,BRONX,,2458.0,1950.0,1,,,Active,,,https://www.redfin.com/NY/The-Bronx/2031-Strang-Ave-10466/home/44794766,OneKey,3450380,N,Y,40.8906748,-73.8414458
156,156,MLS Listing,,Multi-Family (5+ Unit),96-98 Baltic St,Brooklyn,NY,11201,7500000,4.0,16.0,Cobble Hill,12000.0,5242.0,1900.0,1,625.0,,Active,,,https://www.redfin.com/NY/Brooklyn/9698-Baltic-St-11201/home/183640146,SIBORMLS,1159388,N,Y,40.688108,-74.000693
157,157,MLS Listing,,Condo/Co-op,107-24 71st Rd Ph 1A,Queens,NY,11375,1150000,2.0,2.0,Forest Hills,983.0,27425.0,2005.0,1,1170.0,1061.0,Active,,,https://www.redfin.com/NY/Queens/10724-71st-Rd-11375/unit-1A/home/20663088,REBNY,RPLU-33422220436,N,Y,40.7202429,-73.8430513
158,158,MLS Listing,,Condo/Co-op,71-36 110 St Unit 1H,Forest Hills,NY,11375,325000,1.0,1.0,Gregory House,,,1955.0,1,,800.0,Active,,,https://www.redfin.com/NY/Forest-Hills/7136-110th-St-11375/unit-1H/home/170374012,OneKey,3450482,N,Y,40.7213885,-73.8412939
159,159,MLS Listing,,Single Family Residential,132 Montreal Ave,Staten Island,NY,10306,475000,3.0,1.5,Staten Island,1384.0,2500.0,1965.0,1,343.0,,Active,,,https://www.redfin.com/NY/Staten-Island/132-Montreal-Ave-10306/home/56054897,OneKey,3450474,N,Y,40.5624667,-74.1314373
160,160,MLS Listing,,Multi-Family (2-4 Unit),110 S 10th Ave,Mount Vernon,NY,10550,549999,5.0,3.0,Mount Vernon,,5227.0,1930.0,1,,,Active,,,https://www.redfin.com/NY/Mt-Vernon/110-S-Tenth-Ave-10550/home/20211348,OneKey,3450470,N,Y,40.9073997,-73.8418604
161,161,MLS Listing,,Condo/Co-op,,Queens,NY,11101,1300000,2.0,2.0,Hunters Point,1026.0,2500.0,1910.0,1,1267.0,835.0,Active,,,https://www.redfin.com/NY/Queens/Undisclosed-address-11101/home/183638990,REBNY,OLRS-00011926884,N,Y,40.7478785,-73.9444755
162,162,MLS Listing,,Condo/Co-op,,New York,NY,10036,1750000,1.0,1.0,Hells Kitchen,701.0,54647.0,2017.0,1,2496.0,1102.0,Active,,,https://www.redfin.com/NY/New-York/Undisclosed-address-10036/home/115300893,REBNY,OLRS-00011914890,N,Y,40.7593086,-73.9950519
163,163,MLS Listing,,Condo/Co-op,,Queens,NY,11101,2957393,2.0,2.0,Hunters Point,969.0,2500.0,1910.0,1,3052.0,789.0,Active,,,https://www.redfin.com/NY/Queens/Undisclosed-address-11101/home/175023732,REBNY,OLRS-00011934324,N,Y,40.7478709,-73.9444798
164,164,MLS Listing,,Multi-Family (2-4 Unit),1432 Minford Pl,Bronx,NY,10460,850000,6.0,4.0,BRONX,1886.0,2500.0,1920.0,1,451.0,,Active,,,https://www.redfin.com/NY/The-Bronx/1432-Minford-Pl-10460/home/44727066,OneKey,H6224413,N,Y,40.8332119,-73.8910985
165,165,MLS Listing,,Condo/Co-op,567 Ocean Ave Unit TH-2,Brooklyn,NY,11226,850000,1.0,1.5,Flatbush,,6600.0,2020.0,1,,990.0,Active,,,https://www.redfin.com/NY/Brooklyn/567-Ocean-Ave-11226/unit-TH2/home/172273712,REBNY,OLRS-00011966341,N,Y,40.6489701,-73.9603359
166,166,MLS Listing,,Condo/Co-op,,New York,NY,10036,2250000,2.0,1.5,Hells Kitchen,845.0,54647.0,2017.0,1,2663.0,1271.0,Active,,,https://www.redfin.com/NY/New-York/Undisclosed-address-10036/home/148049826,REBNY,OLRS-00011950430,N,Y,40.7590905,-73.9948511
167,167,MLS Listing,,Condo/Co-op,460 W 42nd St Ph -3G,New York,NY,10036,2250000,1.0,1.0,Hells Kitchen,782.0,54647.0,2017.0,1,2877.0,1306.0,Active,,,https://www.redfin.com/NY/New-York/460-W-42nd-St-10036/unit-3G/home/176875041,REBNY,OLRS-00011959989,N,Y,40.7590258,-73.9944819
168,168,MLS Listing,,Condo/Co-op,460 W 42nd St Ph -4M,New York,NY,10036,3250000,2.0,2.0,Hells Kitchen,1198.0,54647.0,2017.0,1,2713.0,1971.0,Active,,,https://www.redfin.com/NY/New-York/460-W-42nd-St-10036/unit-4M/home/177807192,REBNY,OLRS-00011881158,N,Y,40.7590258,-73.9944819
169,169,MLS Listing,,Condo/Co-op,,New York,NY,10036,3600000,2.0,2.0,Hells Kitchen,1198.0,54647.0,2017.0,1,3005.0,1856.0,Active,,,https://www.redfin.com/NY/New-York/Undisclosed-address-10036/home/175637476,REBNY,OLRS-00011897434,N,Y,40.7590258,-73.9944819
170,170,MLS Listing,,Condo/Co-op,,Brooklyn,NY,11226,400000,0.0,1.0,Flatbush,,6600.0,2020.0,1,,246.0,Active,,,https://www.redfin.com/NY/Brooklyn/Undisclosed-address-11226/home/175809504,REBNY,OLRS-00011948541,N,Y,40.6489701,-73.9603359
171,171,MLS Listing,,Condo/Co-op,,New York,NY,10036,2250000,1.0,2.0,Hells Kitchen,845.0,54647.0,2017.0,1,2663.0,1334.0,Active,,,https://www.redfin.com/NY/New-York/Undisclosed-address-10036/home/144771762,REBNY,OLRS-00011881009,N,Y,40.7593086,-73.9950519
172,172,MLS Listing,,Condo/Co-op,460 W 42nd St Ph -3B,New York,NY,10036,4350000,2.0,2.5,Hells Kitchen,1480.0,54647.0,2017.0,1,2939.0,2505.0,Active,,,https://www.redfin.com/NY/New-York/460-W-42nd-St-10036/unit-3B/home/177807187,REBNY,OLRS-00011887378,N,Y,40.7590258,-73.9944819
173,173,MLS Listing,,Condo/Co-op,460 W 42nd St Ph -1F,New York,NY,10036,3250000,1.0,2.0,Hells Kitchen,1064.0,54647.0,2017.0,1,3055.0,1755.0,Active,,,https://www.redfin.com/NY/New-York/460-W-42nd-St-10036/unit-1F/home/176876717,REBNY,OLRS-00011959993,N,Y,40.7590258,-73.9944819
174,174,MLS Listing,,Condo/Co-op,,New York,NY,10036,1850000,1.0,1.0,Hells Kitchen,608.0,54647.0,2017.0,1,3043.0,1006.0,Active,,,https://www.redfin.com/NY/New-York/Undisclosed-address-10036/home/115300908,REBNY,OLRS-00011956368,N,Y,40.7593086,-73.9950519
175,175,MLS Listing,,Single Family Residential,135-28 122nd St,South Ozone Park,NY,11420,879000,4.0,2.0,South Ozone Park,,4000.0,1945.0,1,,,Active,,,https://www.redfin.com/NY/Jamaica/135-28-122nd-St-11420/home/20715855,OneKey,3450460,N,Y,40.6692406,-73.8186412
176,176,MLS Listing,,Multi-Family (2-4 Unit),202-02 109th Ave,Jamaica,NY,11412,750000,5.0,2.0,Jamaica,,2129.0,1948.0,1,,,Active,,,https://www.redfin.com/NY/Queens/202-02-109th-Ave-11412/home/20639423,OneKey,3450458,N,Y,40.7076586,-73.7560909
177,177,MLS Listing,,Multi-Family (2-4 Unit),104-53 91 St. Ave,Richmond Hill,NY,11418,1139000,6.0,4.5,Richmond Hill,,3500.0,1930.0,1,,,Active,January-8-2023 01:00 PM,January-8-2023 03:00 PM,https://www.redfin.com/NY/Jamaica/104-53-91st-Ave-11418/home/20774615,OneKey,3450453,N,Y,40.6929858,-73.8402293
178,178,MLS Listing,,Condo/Co-op,245 E 24th St Unit 2C,New York,NY,10010,720000,0.0,1.0,Kips Bay,550.0,9636.0,1961.0,1,1309.0,1032.0,Active,,,https://www.redfin.com/NY/New-York/245-E-24th-St-10010/unit-2C/home/169013493,REBNY,RLMX-86102,N,Y,40.7388152,-73.9806852
179,179,MLS Listing,,Condo/Co-op,3840 Greystone Ave Unit 3L,Bronx,NY,10463,315000,2.0,1.0,Greystone Park,1050.0,,1951.0,1,300.0,945.0,Active,,,https://www.redfin.com/NY/The-Bronx/3840-Greystone-Ave-10463/unit-3L/home/44764627,OneKey,H6225426,N,Y,40.8883114,-73.9045294
180,180,MLS Listing,,Condo/Co-op,39-30 52nd St Unit 5G,Woodside,NY,11377,385000,1.0,1.0,51st/52nd Streets Corp,,,1951.0,1,,667.0,Active,,,https://www.redfin.com/NY/Woodside/39-30-52nd-St-11377/unit-5G/home/183633626,OneKey,3450447,N,Y,40.7479706,-73.9122419
181,181,MLS Listing,,Single Family Residential,19 Warwick Ave,Douglaston,NY,11363,1850000,4.0,3.5,Douglaston Manor,3300.0,12000.0,1925.0,1,561.0,,Active,,,https://www.redfin.com/NY/Flushing/19-Warwick-Ave-11363/home/20804834,OneKey,3450445,N,Y,40.7788449,-73.752818
182,182,MLS Listing,,Single Family Residential,150-30 116th Rd,Jamaica,NY,11434,599900,3.0,3.0,Jamaica,,2000.0,1925.0,1,,,Active,January-8-2023 01:30 PM,January-8-2023 03:00 PM,https://www.redfin.com/NY/Jamaica/150-30-116th-Rd-11434/home/20708632,OneKey,3450440,N,Y,40.682055,-73.791329
183,183,MLS Listing,,Multi-Family (2-4 Unit),318 80th St,Brooklyn,NY,11209,1399000,11.0,6.0,Brooklyn,4920.0,2187.0,1931.0,1,284.0,,Active,,,https://www.redfin.com/NY/Brooklyn/318-80th-St-11209/home/40816726,BNYMLS,470841,N,Y,40.6275295,-74.0286775
184,184,MLS Listing,,Multi-Family (2-4 Unit),107-36 Waltham St,Jamaica,NY,11435,1100000,5.0,5.0,Jamaica,,2500.0,2022.0,1,,,Active,January-8-2023 03:00 PM,January-8-2023 04:30 PM,https://www.redfin.com/NY/Jamaica/107-36-Waltham-St-11435/home/23178959,OneKey,3450435,N,Y,40.692519,-73.801489
185,185,MLS Listing,,Condo/Co-op,308 N 7th St Unit GARDEN,Brooklyn,NY,11211,1850000,2.0,2.0,Williamsburg,998.0,13800.0,2018.0,1,1854.0,1280.0,Active,January-8-2023 11:00 AM,January-8-2023 02:00 PM,https://www.redfin.com/NY/Brooklyn/308-N-7th-St-11211/unit-GARDEN/home/148188450,REBNY,OLRS-1795688,N,Y,40.7149053,-73.9531381
186,186,MLS Listing,,Condo/Co-op,247 W 46th St #2801,New York,NY,10036,1250000,1.0,1.5,Theater District,988.0,14552.0,2007.0,1,1265.0,1031.0,Active,,,https://www.redfin.com/NY/New-York/247-W-46th-St-10036/unit-2801/home/45222674,REBNY,OLRS-0001413311,N,Y,40.7598688,-73.9876208
187,187,MLS Listing,,Condo/Co-op,66 Madison Ave,New York,NY,10016,2500000,1.0,2.0,NoMad,,11968.0,1917.0,1,,3216.0,Active,,,https://www.redfin.com/NY/New-York/66-Madison-Ave-10016/home/45251745,REBNY,OLRS-0001819666,N,Y,40.7437464,-73.9863775
188,188,MLS Listing,,Multi-Family (2-4 Unit),345 Schenck Ave,Cypress Hills,NY,11207,1045000,6.0,4.0,Cypress Hills,,2500.0,1899.0,1,,,Active,January-8-2023 11:30 AM,January-8-2023 01:00 PM,https://www.redfin.com/NY/Brooklyn/345-Schenck-Ave-11207/home/40759906,OneKey,3450431,N,Y,40.6724089,-73.8881805
189,189,MLS Listing,,Condo/Co-op,125 W 21st St Unit 2-C,New York,NY,10011,950000,0.0,1.0,Chelsea,605.0,9472.0,2006.0,1,1570.0,708.0,Active,,,https://www.redfin.com/NY/New-York/125-W-21st-St-10011/unit-2C/home/45205350,REBNY,OLRS-1967807,N,Y,40.7421908,-73.994695
190,190,MLS Listing,,Condo/Co-op,132 E 72nd St Unit 8THFL,New York,NY,10021,2750000,3.0,2.5,Lenox Hill,,4087.0,1925.0,1,,9580.0,Active,,,https://www.redfin.com/NY/New-York/132-E-72nd-St-10021/unit-8THFL/home/145245990,REBNY,RPLU-21922212274,N,Y,40.7703795,-73.9627382
191,191,MLS Listing,,Condo/Co-op,362 W 127th St Unit 2A,New York,NY,10027,469000,0.0,1.0,Harlem,,2498.0,2016.0,1,,277.0,Active,,,https://www.redfin.com/NY/New-York/362-W-127th-St-10027/unit-2A/home/114495134,REBNY,RLMX-86100,N,Y,40.8121684,-73.9523535
192,192,MLS Listing,,Condo/Co-op,411 E 53rd St Unit 6G,New York,NY,10022,975000,1.0,1.0,Sutton,850.0,17473.0,1959.0,1,1147.0,775.0,Active,January-8-2023 11:00 AM,January-8-2023 12:00 PM,https://www.redfin.com/NY/New-York/411-E-53rd-St-10022/unit-6G/home/45282129,REBNY,PRCH-5085492,N,Y,40.7557019,-73.9641351
193,193,MLS Listing,,Condo/Co-op,131 E 81st St #10,New York,NY,10028,1750000,2.0,2.0,Upper East Side,1350.0,1879.0,1982.0,1,1296.0,3024.0,Active,,,https://www.redfin.com/NY/New-York/131-E-81st-St-10028/unit-10/home/63689803,REBNY,RPLU-33422211691,N,Y,40.7764795,-73.9581251
194,194,MLS Listing,,Condo/Co-op,385 First Ave Unit 10-H,New York,NY,10010,995000,1.0,1.0,Gramercy,748.0,9875.0,2016.0,1,1330.0,995.0,Active,,,https://www.redfin.com/NY/New-York/385-1st-Ave-10010/unit-10H/home/143436090,REBNY,OLRS-00011553781,N,Y,40.7366628,-73.9790106
195,195,MLS Listing,,Condo/Co-op,124 E 79th St Unit 2-B,New York,NY,10075,850000,1.0,1.5,Upper East Side,800.0,6743.0,1986.0,1,1063.0,1759.0,Active,,,https://www.redfin.com/NY/New-York/124-E-79th-St-10075/unit-2B/home/45285439,REBNY,OLRS-2016357,N,Y,40.7750417,-73.9597079
196,196,MLS Listing,,Condo/Co-op,66 Washington Ave Unit 6R,Brooklyn,NY,11205,850000,2.0,1.0,Clinton Hill,809.0,4000.0,1930.0,1,1051.0,370.0,Active,,,https://www.redfin.com/NY/Brooklyn/66-Washington-Ave-11205/unit-6R/home/59293831,REBNY,RPLU-33422212312,N,Y,40.6967171,-73.9678593
197,197,MLS Listing,,Condo/Co-op,251 Pacific St #8,Brooklyn,NY,11201,525000,1.0,1.0,Cobble Hill,,5000.0,1914.0,1,,665.0,Active,,,https://www.redfin.com/NY/Brooklyn/251-Pacific-St-11201/unit-8/home/40666035,REBNY,PRCH-5085652,N,Y,40.6885654,-73.9905096
198,198,MLS Listing,,Condo/Co-op,372 Dekalb Ave Unit 6-K,Brooklyn,NY,11205,1250000,1.0,2.0,Clinton Hill,1100.0,23000.0,1913.0,1,1136.0,1591.0,Active,January-8-2023 12:30 PM,January-8-2023 02:30 PM,https://www.redfin.com/NY/Brooklyn/372-DeKalb-Ave-11205/unit-6K/home/40926235,REBNY,OLRS-244488,N,Y,40.6898733,-73.962846
199,199,MLS Listing,,Condo/Co-op,61 W 62nd St Unit 22/H,New York,NY,10023,699000,1.0,1.0,Lincoln Square,,16535.0,1981.0,1,,2252.0,Active,January-4-2023 11:30 AM,January-4-2023 01:30 PM,https://www.redfin.com/NY/New-York/61-W-62nd-St-10023/unit-22H/home/144129961,REBNY,RPLU-33422218789,N,Y,40.771079,-73.9827734
200,200,MLS Listing,,Townhouse,525 E 3rd St,Brooklyn,NY,11218,1995000,4.0,2.0,Kensington / Ocean Pkwy,1700.0,5000.0,1925.0,1,1174.0,,Active,January-8-2023 02:00 PM,January-8-2023 03:30 PM,https://www.redfin.com/NY/Brooklyn/525-E-3rd-St-11218/home/40794285,REBNY,OLRS-0043004,N,Y,40.6392786,-73.9763225
201,201,MLS Listing,,Condo/Co-op,117 E 57th St Unit 41F,New York,NY,10022,752400,0.0,1.0,Midtown Central,513.0,17272.0,1976.0,1,1467.0,909.0,Active,January-8-2023 12:00 PM,January-8-2023 01:00 PM,https://www.redfin.com/NY/New-York/117-E-57th-St-10022/unit-41F/home/45278158,REBNY,RLMX-86080,N,Y,40.7615277,-73.9698343
202,202,MLS Listing,,Condo/Co-op,37-26 32nd St Unit 6-L,Queens,NY,11101,570000,0.0,1.0,Long Island City,429.0,16872.0,2022.0,1,1329.0,294.0,Active,,,https://www.redfin.com/NY/Queens/37-26-32nd-St-11101/unit-6-L/home/183633294,REBNY,OLRS-2016126,N,Y,40.753836,-73.9310503
203,203,MLS Listing,,Condo/Co-op,41-05 29 St Unit 16-C,Queens,NY,11101,1310000,2.0,2.0,Long Island City,,2250.0,1931.0,1,,905.0,Active,,,https://www.redfin.com/NY/Long-Island-City/41-05-29th-St-11101/unit-16-C/home/183633293,REBNY,OLRS-2016317,N,Y,40.7507843,-73.9367858
204,204,MLS Listing,,Condo/Co-op,580 Carroll St Unit 4C,Brooklyn,NY,11215,1600000,2.0,2.0,Park Slope,1275.0,10174.0,2009.0,1,1255.0,839.0,Active,January-8-2023 12:00 PM,January-8-2023 01:30 PM,https://www.redfin.com/NY/Brooklyn/580-Carroll-St-11215/unit-4C/home/40922072,REBNY,RPLU-33422192233,N,Y,40.675727,-73.9830132
205,205,MLS Listing,,Condo/Co-op,16 W 16th St Unit 10LN,New York,NY,10011,965000,1.0,1.0,Flatiron,,45223.0,1960.0,1,,1251.0,Active,January-8-2023 01:30 PM,January-8-2023 03:00 PM,https://www.redfin.com/NY/New-York/16-W-16th-St-10011/unit-10LN/home/45174837,REBNY,PRCH-4280952,N,Y,40.7375086,-73.9937004
206,206,MLS Listing,,Condo/Co-op,37-26 32nd St Unit 3-G,Queens,NY,11101,730000,1.0,1.0,Long Island City,,16872.0,2022.0,1,,397.0,Active,,,https://www.redfin.com/NY/Queens/37-26-32nd-St-11101/unit-3-G/home/183633291,REBNY,OLRS-2016145,N,Y,40.753836,-73.9310503
207,207,MLS Listing,,Condo/Co-op,420 Riverside Dr Unit 9-D,New York,NY,10025,1475000,2.0,1.5,Morningside Heights,1135.0,17490.0,1905.0,1,1300.0,1729.0,Active,,,https://www.redfin.com/NY/New-York/420-Riverside-Dr-10025/unit-9D/home/45164285,REBNY,OLRS-99153,N,Y,40.8075829,-73.9663347
208,208,MLS Listing,,Condo/Co-op,41-05 29 St Unit 15-D,Queens,NY,11101,1180000,2.0,2.0,Long Island City,868.0,2250.0,1931.0,1,1359.0,827.0,Active,,,https://www.redfin.com/NY/Long-Island-City/41-05-29th-St-11101/unit-15-D/home/183633290,REBNY,OLRS-2016326,N,Y,40.7507843,-73.9367858
209,209,MLS Listing,,Condo/Co-op,37-26 32nd St Unit 5-K,Queens,NY,11101,620000,0.0,1.0,Long Island City,441.0,16872.0,2022.0,1,1406.0,302.0,Active,,,https://www.redfin.com/NY/Queens/37-26-32nd-St-11101/unit-5-K/home/183633289,REBNY,OLRS-2016130,N,Y,40.753836,-73.9310503
210,210,MLS Listing,,Condo/Co-op,309 E 87th St Unit 5-M,New York,NY,10128,585000,1.0,1.0,Yorkville,,23463.0,1952.0,1,,1525.0,Active,,,https://www.redfin.com/NY/New-York/309-E-87th-St-10128/unit-5-M/home/179468447,REBNY,OLRS-2016373,N,Y,40.7783276,-73.9501722
211,211,MLS Listing,,Condo/Co-op,70 Park Ter E Unit 4-A,New York,NY,10034,248800,0.0,1.0,Inwood,550.0,21750.0,1950.0,1,452.0,511.0,Active,,,https://www.redfin.com/NY/New-York/70-Park-Ter-E-10034/unit-4A/home/45186979,REBNY,OLRS-2015847,N,Y,40.8706218,-73.9161026
212,212,MLS Listing,,Multi-Family (2-4 Unit),1306 Dean St,Brooklyn,NY,11216,2100000,,,Crown Heights,,2288.0,1893.0,1,,,Active,,,https://www.redfin.com/NY/Brooklyn/1306-Dean-St-11216/home/40707984,REBNY,RPLU-33422130017,N,Y,40.6764862,-73.9457387
213,213,MLS Listing,,Condo/Co-op,3135 Johnson Ave Unit 9B,Bronx,NY,10463,499000,2.0,2.0,Spuyten Duyvil,1200.0,86400.0,1960.0,1,416.0,1467.0,Active,January-8-2023 12:00 PM,January-8-2023 02:00 PM,https://www.redfin.com/NY/The-Bronx/3135-Johnson-Ave-10463/unit-9B/home/183633286,REBNY,RPLU-33422217595,N,Y,40.8828679,-73.9112962
214,214,MLS Listing,,Condo/Co-op,124 E 79th St Unit 2-A,New York,NY,10075,649000,0.0,1.0,Upper East Side,348.0,6743.0,1986.0,1,1865.0,1119.0,Active,,,https://www.redfin.com/NY/New-York/124-E-79th-St-10075/unit-2A/home/45285341,REBNY,OLRS-2016358,N,Y,40.7750417,-73.9597079
215,215,MLS Listing,,Condo/Co-op,27 E 65th St Unit 7C,New York,NY,10065,499000,1.0,1.0,Lenox Hill,,10845.0,1959.0,1,,1708.0,Active,,,https://www.redfin.com/NY/New-York/27-E-65th-St-10065/unit-7C/home/53324731,REBNY,RPLU-33422217503,N,Y,40.7673406,-73.9683647
216,216,MLS Listing,,Condo/Co-op,627 Wilson Ave #2,Brooklyn,NY,11207,750000,2.0,1.5,Bushwick,,2600.0,1907.0,1,,407.0,Active,,,https://www.redfin.com/NY/Brooklyn/627-Wilson-Ave-11207/unit-2/home/177026666,REBNY,RPLU-33422199765,N,Y,40.6898524,-73.9061894
217,217,MLS Listing,,Condo/Co-op,205 W End Ave Unit 6-V,New York,NY,10023,829000,1.0,1.0,Lincoln Square,,90575.0,1959.0,1,,1746.0,Active,January-8-2023 11:00 AM,January-8-2023 12:00 PM,https://www.redfin.com/NY/New-York/205-W-End-Ave-10023/unit-6V/home/173152682,REBNY,OLRS-2016341,N,Y,40.778545,-73.9864464
218,218,MLS Listing,,Condo/Co-op,124 E 79th St Unit 2-AB,New York,NY,10075,1350000,3.0,2.5,Upper East Side,1150.0,6743.0,1986.0,1,1174.0,2879.0,Active,,,https://www.redfin.com/NY/New-York/124-E-79th-St-10075/unit-2-AB/home/183633284,REBNY,OLRS-2016366,N,Y,40.7750417,-73.9597079
219,219,MLS Listing,,Condo/Co-op,101 Wooster St #2,New York,NY,10012,7250000,3.0,2.5,SoHo,3600.0,4875.0,1893.0,1,2014.0,7350.0,Active,January-8-2023 11:30 AM,January-8-2023 12:30 PM,https://www.redfin.com/NY/New-York/101-Wooster-St-10012/unit-2/home/146129445,REBNY,RPLU-429722195344,N,Y,40.7246448,-74.0009589
220,220,MLS Listing,,Condo/Co-op,2866 Marion Ave Unit 5-C,Bronx,NY,10458,280000,2.0,1.0,Bedford Park,,14000.0,1956.0,1,,1035.0,Active,January-8-2023 12:00 PM,January-8-2023 01:00 PM,https://www.redfin.com/NY/The-Bronx/2866-Marion-Ave-10458/unit-5C/home/92224825,REBNY,OLRS-00011966426,N,Y,40.8680763,-73.8851803
221,221,MLS Listing,,Condo/Co-op,37-26 32nd St Unit 3-H,Queens,NY,11101,695000,1.0,1.0,Long Island City,632.0,16872.0,2022.0,1,1100.0,433.0,Active,,,https://www.redfin.com/NY/Queens/37-26-32nd-St-11101/unit-3-H/home/183633283,REBNY,OLRS-2016140,N,Y,40.753836,-73.9310503
222,222,MLS Listing,,Condo/Co-op,235 E 87th St Unit 1B,New York,NY,10128,650000,1.0,1.0,Yorkville,650.0,17516.0,1963.0,1,1000.0,1430.0,Active,,,https://www.redfin.com/NY/New-York/235-E-87th-St-10128/unit-1B/home/45169398,REBNY,RPLU-33422214425,N,Y,40.7790388,-73.9519172
223,223,MLS Listing,,Condo/Co-op,84 MESEROLE Ave #2,Brooklyn,NY,11222,2850000,3.0,2.0,Greenpoint,1657.0,2500.0,1899.0,1,1720.0,499.0,Active,,,https://www.redfin.com/NY/Brooklyn/84-Meserole-Ave-11222/unit-2/home/183633282,REBNY,OLRS-2016413,N,Y,40.7265726,-73.9537659
224,224,MLS Listing,,Condo/Co-op,377 Rector Pl Unit 24C,New York,NY,10280,1222000,2.0,1.0,Battery Park,766.0,16951.0,1985.0,1,1595.0,2450.0,Active,,,https://www.redfin.com/NY/New-York/377-Rector-Pl-10280/unit-24C/home/45125318,REBNY,RPLU-33422211911,N,Y,40.709734,-74.0178909
225,225,MLS Listing,,Condo/Co-op,360 W 22nd St Unit 3-P,New York,NY,10011,469000,0.0,1.0,Chelsea,,19750.0,1965.0,1,,926.0,Active,,,https://www.redfin.com/NY/New-York/360-W-22nd-St-10011/unit-3-P/home/183633280,REBNY,OLRS-2016389,N,Y,40.7455051,-74.0016003
226,226,MLS Listing,,Townhouse,16 DeKoven Ct,Brooklyn,NY,11230,2500000,5.0,3.5,Ditmas Park,3200.0,4200.0,1910.0,1,781.0,,Active,January-8-2023 12:00 PM,January-8-2023 01:30 PM,https://www.redfin.com/NY/Brooklyn/16-Dekoven-Ct-11230/home/40789724,REBNY,OLRS-00010085143,N,Y,40.6328573,-73.9632363
227,227,MLS Listing,,Condo/Co-op,1635 Lexington Ave Unit 7-F,New York,NY,10030,985000,2.0,2.0,East Harlem,1120.0,9500.0,2013.0,1,879.0,417.0,Active,,,https://www.redfin.com/NY/New-York/1635-Lexington-Ave-10029/unit-7F/home/53396929,REBNY,OLRS-1203086,N,Y,40.7905603,-73.9472333
228,228,MLS Listing,,Condo/Co-op,210 Sixth Ave Unit 5H,New York,NY,10014,750000,1.0,1.0,SoHo,,5812.0,1928.0,1,,1311.0,Active,January-8-2023 01:00 PM,January-8-2023 02:00 PM,https://www.redfin.com/NY/New-York/210-6th-Ave-10014/unit-5H/home/183633278,REBNY,RPLU-33422171827,N,Y,40.7271763,-74.0030659
229,229,MLS Listing,,Condo/Co-op,1635 Lexington Ave Unit 3-E,New York,NY,10030,710000,1.0,1.0,East Harlem,810.0,9500.0,2013.0,1,877.0,308.0,Active,January-5-2023 02:15 PM,January-5-2023 02:45 PM,https://www.redfin.com/NY/New-York/1635-Lexington-Ave-10029/unit-3E/home/53396960,REBNY,OLRS-2016414,N,Y,40.7905603,-73.9472333
230,230,MLS Listing,,Condo/Co-op,1635 Lexington Ave Unit 7-D,New York,NY,10030,725000,1.0,1.0,East Harlem,739.0,9500.0,2013.0,1,981.0,324.0,Active,January-5-2023 01:30 PM,January-5-2023 02:00 PM,https://www.redfin.com/NY/New-York/1635-Lexington-Ave-10029/unit-7D/home/53396920,REBNY,OLRS-1206270,N,Y,40.7905603,-73.9472333
231,231,MLS Listing,,Condo/Co-op,123 Baxter St Unit 5D,New York,NY,10013,2395000,3.0,3.0,Little Italy,2133.0,10050.0,2003.0,1,1123.0,3063.0,Active,January-8-2023 01:00 PM,January-8-2023 02:30 PM,https://www.redfin.com/NY/New-York/123-Baxter-St-10013/unit-5D/home/45205021,REBNY,PRCH-5085880,N,Y,40.7180687,-73.9987505
232,232,MLS Listing,,Condo/Co-op,2821 Kings Hwy Unit 4M,Brooklyn,NY,11229,215000,1.0,1.0,Brooklyn,650.0,,,1,331.0,,Active,,,https://www.redfin.com/NY/Brooklyn/2821-Kings-Hwy-11229/unit-4M/home/40926678,BNYMLS,470837,N,Y,40.6155937,-73.9461311
233,233,MLS Listing,,Multi-Family (2-4 Unit),145-34 224th St,Springfield Gardens,NY,11413,1050000,6.0,3.0,Springfield Gardens,,3960.0,1988.0,1,,,Active,,,https://www.redfin.com/NY/Springfield-Gardens/145-34-224th-St-11413/home/20688024,OneKey,3450425,N,Y,40.66253,-73.755582
234,234,MLS Listing,,Condo/Co-op,139-15 83 Ave #503,Briarwood,NY,11435,299999,2.0,1.0,Arlington,813.0,,1958.0,1,369.0,979.0,Active,,,https://www.redfin.com/NY/Queens/139-15-83rd-Ave-11435/unit-503/home/144210979,OneKey,3450421,N,Y,40.7133443,-73.8194372
235,235,MLS Listing,,Single Family Residential,67 Gansevoort Blvd,Staten Island,NY,10314,749000,4.0,1.5,Westerleigh,1955.0,5850.0,1935.0,1,383.0,,Active,,,https://www.redfin.com/NY/Staten-Island/67-Gansevoort-Blvd-10314/home/56014135,SIBORMLS,1159387,N,Y,40.6108113,-74.1273222
236,236,MLS Listing,,Multi-Family (2-4 Unit),8005 13th Ave,Brooklyn,NY,11228,2600000,7.0,2.5,Brooklyn,3875.0,6000.0,1910.0,1,671.0,,Active,,,https://www.redfin.com/NY/Brooklyn/8005-13th-Ave-11228/home/40827102,BNYMLS,470825,N,Y,40.6171377,-74.0102719
237,237,MLS Listing,,Condo/Co-op,42-55 Colden St Unit 2F,Flushing,NY,11355,488000,2.0,1.0,42-55 Colden Owners Corp,,,1965.0,1,,793.0,Active,,,https://www.redfin.com/NY/Queens/42-55-Colden-St-11355/unit-2F/home/20642978,OneKey,3450403,N,Y,40.7533589,-73.8250479
238,238,MLS Listing,,Condo/Co-op,240-40 70th Ave Unit 17B,Douglaston,NY,11362,629000,3.0,2.0,High Point Condo,,125198.0,1987.0,1,,665.0,Active,,,https://www.redfin.com/NY/Little-Neck/240-40-70th-Ave-11362/unit-17B/home/20799697,OneKey,3450397,N,Y,40.7495468,-73.7365604
239,239,MLS Listing,,Multi-Family (2-4 Unit),2181 Belmont Ave,,NY,10457,749000,6.0,2.0,,1428.0,,2007.0,1,525.0,,Pre On-Market,,,https://www.redfin.com/NY/The-Bronx/2181-Belmont-Ave-10457/home/44770998,OneKey,H6225463,N,Y,40.8509301,-73.8885221
240,240,MLS Listing,,Multi-Family (2-4 Unit),482 Hancock St,Bedford-stuyvesant,NY,11233,1399000,5.0,3.0,Bedford-Stuyvesant,,2000.0,1899.0,1,,,Active,,,https://www.redfin.com/NY/Brooklyn/482-Hancock-St-11233/home/40722394,OneKey,3450398,N,Y,40.6840158,-73.9359458
241,241,MLS Listing,,Condo/Co-op,141-18 Cherry Ave Unit 3H,Flushing,NY,11355,519000,1.0,1.0,Cherry Manor,555.0,11500.0,2013.0,1,935.0,220.0,Active,,,https://www.redfin.com/NY/Queens/141-18-Cherry-Ave-11355/unit-3H/home/59308161,OneKey,3450393,N,Y,40.7547791,-73.8210707
242,242,MLS Listing,,Single Family Residential,94-23 115th St,Richmond Hill South,NY,11419,599000,3.0,2.0,Richmond Hill South,1149.0,1578.0,1920.0,1,521.0,,Active,,,https://www.redfin.com/NY/Queens/94-23-115th-St-11419/home/20774261,OneKey,3450392,N,Y,40.6924777,-73.8308214
243,243,MLS Listing,,Multi-Family (2-4 Unit),141-16 185th St,Jamaica,NY,11413,1279000,6.0,4.5,Jamaica,,3800.0,2022.0,1,,,Active,January-7-2023 12:00 PM,January-7-2023 02:00 PM,https://www.redfin.com/NY/Jamaica/141-16-185th-St-11413/home/20693819,OneKey,3450394,N,Y,40.670523,-73.7591165
244,244,MLS Listing,,Single Family Residential,79-15 149th St,Kew Garden Hills,NY,11367,1250000,4.0,2.5,Kew Garden Hills,,2465.0,1950.0,1,,,Active,,,https://www.redfin.com/NY/Queens/79-15-149th-St-11367/home/20822715,OneKey,3450390,N,Y,40.719306,-73.8138426
245,245,MLS Listing,,Single Family Residential,290 Richmond Hill Rd,Staten  Island,NY,10314,520000,2.0,1.5,Staten  Island,1000.0,2146.0,1987.0,1,520.0,,Active,,,https://www.redfin.com/NY/Staten-Island/290-Richmond-Hill-Rd-10314/home/56038893,BNYMLS,470831,N,Y,40.5840811,-74.1594227
246,246,MLS Listing,,Multi-Family (2-4 Unit),47 Willow Wood Ln,Staten  Island,NY,10308,665000,4.0,3.0,Staten  Island,,2475.0,,1,,,Active,January-8-2023 12:00 PM,January-8-2023 02:00 PM,https://www.redfin.com/NY/Staten-Island/47-Willowwood-Ln-10308/home/56126636,BNYMLS,470797,N,Y,40.5591875,-74.1435505
247,247,MLS Listing,,Multi-Family (2-4 Unit),41-05 47th St,Sunnyside,NY,11104,1200000,4.0,2.0,Sunnyside,,1413.0,1924.0,1,,,Active,,,https://www.redfin.com/NY/Long-Island-City/41-05-47th-St-11104/home/20960233,OneKey,3450386,N,Y,40.7461823,-73.9169454
248,248,MLS Listing,,Single Family Residential,176 Long Pond Ln,Staten Island,NY,10304,499000,2.0,2.5,Park Hill,924.0,2533.0,1991.0,1,540.0,,Active,,,https://www.redfin.com/NY/Staten-Island/176-Long-Pond-Ln-10304/home/56041450,SIBORMLS,1159386,N,Y,40.612671,-74.0816104
249,249,MLS Listing,,Condo/Co-op,219-47 74th Ave,Bayside,NY,11364,352800,2.0,1.0,Windsor Oaks,,,1955.0,1,,1141.0,Active,,,https://www.redfin.com/NY/Oakland-Gardens/21947-74th-Ave-11364/Lowr/home/20642803,OneKey,3450387,N,Y,40.740442,-73.756007
250,250,MLS Listing,,Single Family Residential,80-34 209th St,Hollis Hills,NY,11427,1158000,3.0,3.0,Hollis Hills,2065.0,4000.0,1950.0,1,561.0,,Active,,,https://www.redfin.com/NY/Queens/80-34-209th-St-11427/home/20806546,OneKey,3450388,N,Y,40.7320754,-73.7616118
251,251,MLS Listing,,Single Family Residential,1470 E 55th St,Brooklyn,NY,11234,789000,3.0,2.0,Brooklyn,1372.0,2000.0,1925.0,1,575.0,,Active,,,https://www.redfin.com/NY/Brooklyn/1470-E-55th-St-11234/home/40881659,BNYMLS,470836,N,Y,40.6208167,-73.9224754
252,252,MLS Listing,,Single Family Residential,89-19 91st St,Woodhaven,NY,11421,675000,3.0,1.5,Woodhaven,,2000.0,1920.0,1,,,Active,January-8-2023 11:00 AM,January-8-2023 12:30 PM,https://www.redfin.com/NY/Queens/89-19-91st-St-11421/home/20787680,OneKey,3450381,N,Y,40.6901453,-73.8525541
253,253,MLS Listing,,Multi-Family (2-4 Unit),169 Pine St,Cypress Hills,NY,11208,839000,5.0,2.0,Cypress Hills,,2527.0,1925.0,1,,,Active,,,https://www.redfin.com/NY/Brooklyn/169-Pine-St-11208/home/40763533,OneKey,3450379,N,Y,40.6825625,-73.8725847
254,254,MLS Listing,,Condo/Co-op,2229 Knapp St Unit 5F,Brooklyn,NY,11229,184999,1.0,1.0,Brooklyn,850.0,,,1,218.0,,Active,,,https://www.redfin.com/NY/Brooklyn/2229-Knapp-St-11229/unit-5F/home/171328449,BNYMLS,470835,N,Y,40.5988908,-73.9334675
255,255,MLS Listing,,Single Family Residential,115-30 Park Lane South,Kew Gardens,NY,11418,1428000,6.0,4.0,Kew Gardens,2680.0,8500.0,1940.0,1,533.0,,Active,,,https://www.redfin.com/NY/Richmond-Hill/11530-Park-Ln-S-11418/home/183632258,OneKey,3450376,N,Y,40.7048564,-73.8373367
256,256,MLS Listing,,Single Family Residential,1944 Ryder St,Brooklyn,NY,11234,828000,4.0,1.5,Brooklyn,1568.0,2000.0,1925.0,1,528.0,,Active,,,https://www.redfin.com/NY/Brooklyn/1944-Ryder-St-11234/home/40902496,BNYMLS,470833,N,Y,40.6117971,-73.930253
257,257,MLS Listing,,Condo/Co-op,112-01 Queens Blvd Unit 17A,Forest Hills,NY,11375,790000,1.0,1.5,Pinnacle Condominium,908.0,,1991.0,1,870.0,1070.0,Active,,,https://www.redfin.com/NY/Queens/112-01-Queens-Blvd-11375/unit-17A/home/20916274,OneKey,3450371,N,Y,40.7190009,-73.8365029
258,258,MLS Listing,,Condo/Co-op,163D Edgewater Park Unit D,Bronx,NY,10465,469000,3.0,2.0,Edgewater Park,1612.0,,,1,291.0,447.0,Active,,,https://www.redfin.com/NY/The-Bronx/163D-Edgewater-Park-10465/unit-D/home/183631600,OneKey,H6221726,N,Y,40.8233579,-73.811974
259,259,MLS Listing,,Single Family Residential,130 Barwick St,Floral Park,NY,11001,999888,6.0,4.0,Floral Park,2457.0,2960.0,1957.0,1,407.0,,Pre On-Market,,,https://www.redfin.com/NY/Floral-Park/130-Barwick-St-11001/home/20554716,OneKey,3450372,N,Y,40.7339682,-73.6988172
260,260,MLS Listing,,Condo/Co-op,32-42 89 St Unit C404,East Elmhurst,NY,11369,280000,2.0,1.0,Northridge Section Iii,,,1952.0,1,,837.0,Active,,,https://www.redfin.com/NY/East-Elmhurst/32-42-89th-St-11369/unit-C404/home/170303064,OneKey,3450367,N,Y,40.7568216,-73.8792449
261,261,MLS Listing,,Condo/Co-op,151-20 88 St Unit 5C,Howard Beach,NY,11414,245000,2.0,2.0,Fairfield Arms,1080.0,,1960.0,1,227.0,,Active,January-7-2023 01:00 PM,January-7-2023 03:00 PM,https://www.redfin.com/NY/Jamaica/151-20-88th-St-11414/unit-5C/home/20647877,OneKey,3450360,N,Y,40.6681885,-73.8476496
262,262,MLS Listing,,Condo/Co-op,2750 Johnson Ave Unit 6L,Bronx,NY,10463,132000,0.0,1.0,Johnson Avenue,400.0,,1964.0,1,330.0,510.0,Active,,,https://www.redfin.com/NY/The-Bronx/2750-Johnson-Ave-10463/unit-6L/home/44763804,OneKey,H6225424,N,Y,40.8801731,-73.91173
263,263,MLS Listing,,Condo/Co-op,3333 Henry Hudson Pkwy Unit 22J,Bronx,NY,10463,349999,1.0,1.0,White Hall Building,1030.0,,1970.0,1,340.0,1733.0,Active,,,https://www.redfin.com/NY/The-Bronx/3333-Henry-Hudson-Pkwy-10463/unit-22J/home/183631418,OneKey,H6225429,N,Y,40.8855625,-73.9143965
264,264,MLS Listing,,Condo/Co-op,2186 Cruger Ave Unit 1E,Bronx,NY,10462,149999,1.0,1.0,The Sussex,650.0,,1930.0,1,231.0,870.0,Active,,,https://www.redfin.com/NY/The-Bronx/2186-Cruger-Ave-10462/unit-1E/home/44764609,OneKey,H6225439,N,Y,40.8557919,-73.8663943
265,265,MLS Listing,,Condo/Co-op,212-93 16 Ave #194,Bayside,NY,11360,249900,1.0,1.0,Bay Terrace Gardens,,,1953.0,1,,624.0,Active,,,https://www.redfin.com/NY/Bayside/21293-16th-Ave-11360/unit-194/home/180234357,OneKey,3450357,N,Y,40.7852025,-73.778765
266,266,MLS Listing,,Multi-Family (2-4 Unit),6314 24th Ave,Brooklyn,NY,11204,2280000,6.0,4.0,Brooklyn,,2600.0,,1,,,Active,,,https://www.redfin.com/NY/Brooklyn/6314-24th-Ave-11204/home/40836438,BNYMLS,470828,N,Y,40.6121716,-73.9763684
267,267,MLS Listing,,Single Family Residential,30 Caldera Pl,Staten Island,NY,10301,749999,3.0,2.0,Randall Manor,928.0,6000.0,1930.0,1,808.0,,Active,,,https://www.redfin.com/NY/Staten-Island/30-Caldera-Pl-10301/home/56030344,SIBORMLS,1159385,N,Y,40.6391217,-74.1005274
268,268,MLS Listing,,Multi-Family (2-4 Unit),97 Monticello Ter,Staten  Island,NY,10308,1328000,5.0,3.5,Staten  Island,2720.0,4212.0,2004.0,1,488.0,,Active,,,https://www.redfin.com/NY/Staten-Island/97-Monticello-Ter-10308/home/56115742,BNYMLS,470824,N,Y,40.5454486,-74.1478286
269,269,MLS Listing,,Multi-Family (2-4 Unit),1519 Zerega Ave,Bronx,NY,10462,949000,7.0,2.0,BRONX,3000.0,2500.0,1901.0,1,316.0,,Active,,,https://www.redfin.com/NY/The-Bronx/1519-Zerega-Ave-10462/home/44776798,OneKey,H6225419,N,Y,40.8382478,-73.8491799
270,270,MLS Listing,,Condo/Co-op,67-40 Yellowstone Blvd Unit 7D,Forest Hills,NY,11375,549000,2.0,1.0,The Buchanan,1150.0,,1950.0,1,477.0,1087.0,Active,,,https://www.redfin.com/NY/Forest-Hills/67-40-Yellowstone-Blvd-11375/unit-7D/home/40508255,OneKey,3450351,N,Y,40.7273127,-73.8492849
271,271,MLS Listing,,Condo/Co-op,55 Austin Pl Unit 4c,Staten Island,NY,10301,269000,2.0,2.5,Silver Lake,1150.0,1150.0,1962.0,1,234.0,650.0,Active,,,https://www.redfin.com/NY/Staten-Island/55-Austin-Pl-10304/unit-4C/home/56092215,SIBORMLS,1159384,N,Y,40.631573,-74.0859355
272,272,MLS Listing,,Condo/Co-op,64-00 Saunders St Unit 1M,Rego Park,NY,11374,219000,0.0,1.0,The Cedar,,,1954.0,1,,387.0,Active,,,https://www.redfin.com/NY/Queens/6400-Saunders-St-11374/unit-1M/home/23338078,OneKey,3450349,N,Y,40.7286188,-73.8616623
273,273,MLS Listing,,Condo/Co-op,85-23 Broadway Unit 5C,Elmhurst,NY,11373,658000,2.0,2.0,Broadway Tower,,,2009.0,1,,339.0,Active,,,https://www.redfin.com/NY/FLUSHING/8523-BROADWAY-11373/unit-5C/home/28685138,OneKey,3450350,N,Y,40.738935,-73.877286
274,274,MLS Listing,,Condo/Co-op,47-19 216th St Unit 2D,Bayside,NY,11364,265000,1.0,1.0,Jeffrey Gardens,650.0,,1952.0,1,408.0,667.0,Active,January-7-2023 12:00 PM,January-7-2023 01:30 PM,https://www.redfin.com/NY/Bayside/47-19-216th-St-11361/unit-2D/home/63686633,OneKey,3450346,N,Y,40.7568724,-73.7643997
275,275,MLS Listing,,Vacant Land,0 Pavillion Hill Ter,Staten Island,NY,10304,299000,0.0,,St. George,,33796.0,,1,,,Active,,,https://www.redfin.com/NY/Staten-Island/0-Pavillion-Hill-Ter-10301/home/183348273,SIBORMLS,1159383,N,Y,40.6382136,-74.0787795
276,276,MLS Listing,,Multi-Family (2-4 Unit),83 Montgomery Ave,Staten Island,NY,10301,1488000,8.0,3.0,St. George,4125.0,2125.0,2019.0,1,361.0,,Active,,,https://www.redfin.com/NY/Staten-Island/83-Montgomery-Ave-10301/home/109611987,SIBORMLS,1159382,N,Y,40.6398559,-74.0780621
277,277,MLS Listing,,Multi-Family (2-4 Unit),28-15 50th St,Woodside,NY,11377,1299999,4.0,2.0,Woodside,,2600.0,1956.0,1,,,Active,,,https://www.redfin.com/NY/Queens/28-15-50th-St-11377/home/20950361,OneKey,3450342,N,Y,40.7612084,-73.905964
278,278,MLS Listing,,Townhouse,77-79 Montgomery Ave,Staten Island,NY,10301,900000,2.0,1.0,St. George,1440.0,4000.0,1915.0,1,625.0,,Active,,,https://www.redfin.com/NY/Staten-Island/7779-Montgomery-Ave-10301/home/179831845,SIBORMLS,1159381,N,Y,40.639976,-74.07809
279,279,MLS Listing,,Condo/Co-op,141-10 25th Rd Unit 6D,Flushing,NY,11354,318000,2.0,1.0,Mitchell Gardens,,,1955.0,1,,981.0,Active,,,https://www.redfin.com/NY/Queens/141-10-25th-Rd-11354/unit-6D/home/183630987,OneKey,3450340,N,Y,40.7756728,-73.827111
280,280,MLS Listing,,Multi-Family (2-4 Unit),2073 E 67th St,Brooklyn,NY,11234,835000,3.0,2.0,Brooklyn,1624.0,2000.0,1960.0,1,514.0,,Active,,,https://www.redfin.com/NY/Brooklyn/2073-E-67th-St-11234/home/40898928,BNYMLS,470509,N,Y,40.6181891,-73.9103029
281,281,MLS Listing,,Condo/Co-op,36 Hamilton Ave Unit 2e,Staten Island,NY,10301,299999,1.0,1.0,St. George,900.0,900.0,1963.0,1,333.0,747.0,Active,,,https://www.redfin.com/NY/Staten-Island/36-Hamilton-Ave-10301/unit-2E/home/77420288,SIBORMLS,1159380,N,Y,40.6449121,-74.0787385
282,282,MLS Listing,,Condo/Co-op,141-10 28th Ave Unit 5F,Flushing,NY,11354,268000,1.0,1.0,Mitchell Gardens,,,1955.0,1,,575.0,Active,,,https://www.redfin.com/NY/Flushing/141-10-28th-Ave-11354/unit-5F/home/20636739,OneKey,3450336,N,Y,40.772904,-73.8273482
283,283,MLS Listing,,Townhouse,1564 84th St,Brooklyn,NY,11228,1199900,3.0,3.0,Bensonhurst,2650.0,2080.0,1955.0,1,453.0,,Active,,,https://www.redfin.com/NY/Brooklyn/1564-84th-St-11228/home/40829265,SIBORMLS,1159379,N,Y,40.6115235,-74.0067958
284,284,MLS Listing,,Single Family Residential,102 Carroll St,Bronx,NY,10464,565000,2.0,1.0,BRONX,703.0,2500.0,1930.0,1,804.0,,Active,,,https://www.redfin.com/NY/The-Bronx/102-Caroll-St-10464/home/44799238,OneKey,H6225363,N,Y,40.8455687,-73.7864978
285,285,MLS Listing,,Condo/Co-op,254-53 75th Ave Unit H-2,Glen Oaks,NY,11004,439900,2.0,1.0,Glen Oaks Village,856.0,,1950.0,1,514.0,898.0,Active,,,https://www.redfin.com/NY/Glen-Oaks/254-53-75th-Ave-11004/unit-H-2/home/183630824,OneKey,3450329,N,Y,40.7468244,-73.7171669
286,286,MLS Listing,,Single Family Residential,68 Bement Ave,Staten Island,NY,10310,575000,3.0,2.0,West Brighton,1064.0,3857.0,1920.0,1,540.0,,Active,,,https://www.redfin.com/NY/Staten-Island/68-Bement-Ave-10310/home/56084399,SIBORMLS,1159378,N,Y,40.6410198,-74.1137417
287,287,MLS Listing,,Single Family Residential,282 Chester St,Brooklyn,NY,11212,565000,3.0,2.0,Brooklyn,1116.0,1800.0,1986.0,1,506.0,,Active,,,https://www.redfin.com/NY/Brooklyn/282-Chester-St-11212/home/40753319,BNYMLS,470822,N,Y,40.6647109,-73.910707
288,288,MLS Listing,,Single Family Residential,51 Mary St,Staten Island,NY,10304,369000,3.0,1.0,Concord,1312.0,2860.0,1925.0,1,281.0,,Pre On-Market,,,https://www.redfin.com/NY/Staten-Island/51-Mary-St-10304/home/56039600,SIBORMLS,1159377,N,Y,40.6129373,-74.0869335
289,289,MLS Listing,,Single Family Residential,7216 Avenue X,Brooklyn,NY,11234,929000,4.0,2.0,Brooklyn,2100.0,4000.0,1970.0,1,442.0,,Active,,,https://www.redfin.com/NY/Brooklyn/7216-Avenue-X-11234/home/40900527,BNYMLS,444159,N,Y,40.6154844,-73.900686
290,290,MLS Listing,,Multi-Family (2-4 Unit),,Jamaica,NY,11433,749000,4.0,2.0,Jamaica,,2492.0,1935.0,1,,,Active,,,https://www.redfin.com/NY/Queens/Undisclosed-address-11433/home/20756915,OneKey,3450319,N,Y,40.6936998,-73.7856714
291,291,MLS Listing,,Multi-Family (2-4 Unit),35-46 100th St,Corona,NY,11368,1550000,7.0,2.0,Corona,,3125.0,1910.0,1,,,Active,,,https://www.redfin.com/NY/Queens/35-46-100th-St-11368/home/20922370,OneKey,3450317,N,Y,40.7528145,-73.8676691
292,292,MLS Listing,,Multi-Family (2-4 Unit),229 57th St,Brooklyn,NY,11220,1299900,5.0,2.5,Brooklyn,2520.0,2000.0,1901.0,1,516.0,,Active,,,https://www.redfin.com/NY/Brooklyn/229-57th-St-11220/home/40694811,BNYMLS,470820,N,Y,40.6448609,-74.0201221
293,293,MLS Listing,,Condo/Co-op,109-18 Lefferts Blvd Unit C2,Jamaica,NY,11420,420000,2.0,1.0,Lefferts Blvd Condo,,7600.0,1927.0,1,,,Active,,,https://www.redfin.com/NY/South-Ozone-Park/10918-Lefferts-Blvd-11420/unit-C2/home/20642156,OneKey,3450314,N,Y,40.681497,-73.822179
294,294,MLS Listing,,Condo/Co-op,43-10 Kissena Blvd Unit 10B,Flushing,NY,11355,449000,2.0,1.0,Carlyle Tower A,1000.0,,1961.0,1,449.0,1064.0,Active,,,https://www.redfin.com/NY/Queens/4310-Kissena-Blvd-11355/unit-10B/home/144210682,OneKey,3450323,N,Y,40.7551199,-73.8246837
295,295,MLS Listing,,Condo/Co-op,137-08 31st Rd Unit 2E,Flushing,NY,11354,628000,2.0,2.0,Cpre Group Llc,1173.0,10120.0,2009.0,1,535.0,398.0,Active,,,https://www.redfin.com/NY/Flushing/137-08-31st-Rd-11354/unit-2E/home/22001291,OneKey,3450313,N,Y,40.769485,-73.8311559
296,296,MLS Listing,,Condo/Co-op,160 W 87th St Unit 3A,New York,NY,10024,1200000,2.0,1.0,160 W. 87th Street Corp,1300.0,,1914.0,1,923.0,1784.0,Active,,,https://www.redfin.com/NY/New-York/160-W-87th-St-10024/unit-3A/home/179703448,OneKey,3450302,N,Y,40.7877872,-73.9737053
297,297,MLS Listing,,Condo/Co-op,216-02 67 Ave Unit Duplex,Bayside,NY,11364,388000,2.0,1.5,Bell Park Gardens,,,1950.0,1,,857.0,Active,January-7-2023 12:45 PM,January-7-2023 02:00 PM,https://www.redfin.com/NY/Oakland-Gardens/216-2-67th-Ave-11364/unit-Duplex/home/183630559,OneKey,3450311,N,Y,40.7441914,-73.7594686
298,298,MLS Listing,,Townhouse,64 Willow Wood Ln,Staten Island,NY,10308,849000,4.0,4.5,Great Kills,2408.0,2575.0,1985.0,1,353.0,,Pre On-Market,January-7-2023 01:00 PM,January-7-2023 04:00 PM,https://www.redfin.com/NY/Staten-Island/64-Willowwood-Ln-10308/home/56088164,SIBORMLS,1159374,N,Y,40.5596064,-74.1435554
299,299,MLS Listing,,Multi-Family (2-4 Unit),915 61 St,Brooklyn,NY,11219,1299000,6.0,3.0,Brooklyn,1760.0,2000.0,1925.0,1,738.0,,Active,,,https://www.redfin.com/NY/Brooklyn/915-61st-St-11219/home/40807812,BNYMLS,470736,N,Y,40.6334245,-74.007347
300,300,MLS Listing,,Single Family Residential,51 Lamped Loop,Staten Island,NY,10314,389000,2.0,1.5,New Springville,984.0,984.0,1985.0,1,395.0,292.0,Active,,,https://www.redfin.com/NY/Staten-Island/51-Lamped-Loop-10314/home/56038661,SIBORMLS,1159373,N,Y,40.585614,-74.1637682
301,301,MLS Listing,,Multi-Family (2-4 Unit),137-09 132nd Ave,South Ozone Park,NY,11436,935000,4.0,3.0,South Ozone Park,2024.0,3200.0,1945.0,1,462.0,,Active,,,https://www.redfin.com/NY/Jamaica/137-09-132nd-Ave-11436/home/20709446,OneKey,3450301,N,Y,40.6700585,-73.8002055
302,302,MLS Listing,,Condo/Co-op,41-08 43rd St Unit 6A,Sunnyside,NY,11104,535000,2.0,1.0,41-08 43rd St Owners,1000.0,,1936.0,1,535.0,987.0,Active,January-7-2023 12:00 PM,January-7-2023 01:30 PM,https://www.redfin.com/NY/Queens/4108-43rd-St-11104/unit-6A/home/183630499,OneKey,3450300,N,Y,40.7465691,-73.921148
303,303,MLS Listing,,Condo/Co-op,4525 Henry Hudson Pkwy #1001,Bronx,NY,10471,424900,2.0,1.5,Briar Oaks,1250.0,,1982.0,1,340.0,1441.0,Active,January-7-2023 01:00 PM,January-7-2023 02:30 PM,https://www.redfin.com/NY/The-Bronx/4525-Henry-Hudson-Pkwy-10471/unit-1001/home/183630497,OneKey,H6224605,N,Y,40.8923453,-73.9093165
304,304,MLS Listing,,Multi-Family (2-4 Unit),139 Bionia Ave,State Island,NY,10305,870000,4.0,2.0,State Island,2112.0,4000.0,1965.0,1,412.0,,Active,,,https://www.redfin.com/NY/Staten-Island/139-Bionia-Ave-10305/home/56136769,BNYMLS,470805,N,Y,40.5943908,-74.073637
305,305,MLS Listing,,Townhouse,281 Giffords Ln,Staten Island,NY,10308,988000,4.0,2.0,Great Kills,2256.0,5406.0,1935.0,1,438.0,,Active,January-7-2023 12:00 PM,January-7-2023 03:00 PM,https://www.redfin.com/NY/Staten-Island/281-Giffords-Ln-10308/home/56098629,SIBORMLS,1159372,N,Y,40.5583619,-74.1531498
306,306,MLS Listing,,Condo/Co-op,75 Wall St Unit 24m,New York,NY,10005,1890000,2.0,2.0,Off Island,1250.0,30794.0,1987.0,1,1512.0,1449.0,Active,,,https://www.redfin.com/NY/New-York/75-Wall-St-10005/unit-24M/home/45219014,SIBORMLS,1159371,N,Y,40.7051691,-74.008024
307,307,MLS Listing,,Townhouse,180 Cannon Ave,Staten Island,NY,10314,799000,3.0,1.0,Travis,2104.0,6204.0,1965.0,1,380.0,,Active,,,https://www.redfin.com/NY/Staten-Island/180-Cannon-Ave-10314/home/56040850,SIBORMLS,1159370,N,Y,40.5940174,-74.1908986
308,308,MLS Listing,,Condo/Co-op,268-25 82nd Ave Unit 279B,New Hyde Park,NY,11040,329000,2.0,1.0,Langdale Gardens,,,1950.0,1,,935.0,Active,January-7-2023 01:00 PM,January-7-2023 03:00 PM,https://www.redfin.com/NY/Queens/26825-82nd-Ave-11040/unit-279B/home/183630176,OneKey,3450292,N,Y,40.7430235,-73.7017012
309,309,MLS Listing,,Condo/Co-op,64-11 99th St #405,Rego Park,NY,11374,409500,1.0,1.0,Sutton,,,1952.0,1,,706.0,Active,,,https://www.redfin.com/NY/Rego-Park/64-11-99th-St-11374/unit-405/home/181506584,OneKey,3450295,N,Y,40.7308066,-73.8556439
310,310,MLS Listing,,Single Family Residential,120-33 28th Ave,Flushing,NY,11354,818000,4.0,3.0,Flushing,,1800.0,1925.0,1,,,Active,January-8-2023 12:00 PM,January-8-2023 01:30 PM,https://www.redfin.com/NY/Flushing/120-33-28th-Ave-11354/home/20866360,OneKey,3450294,N,Y,40.7732914,-73.8465986
311,311,MLS Listing,,Condo/Co-op,115-25 84 Ave Unit 6F,Kew Gardens,NY,11418,249000,1.0,1.0,Rose Smith,,,1950.0,1,,621.0,Active,,,https://www.redfin.com/NY/Queens/115-25-84th-Ave-11418/unit-6F/home/177813586,OneKey,3450293,N,Y,40.7038782,-73.8360695
312,312,MLS Listing,,Single Family Residential,115-17 146 St,Jamaica,NY,11436,665000,3.0,1.5,Jamaica,,2000.0,1930.0,1,,,Active,,,https://www.redfin.com/NY/Queens/115-17-146th-St-11436/home/20718431,OneKey,3450290,N,Y,40.6831019,-73.7957592
313,313,MLS Listing,,Condo/Co-op,2011 Avenue X Unit 4B,Brooklyn,NY,11235,499000,1.0,1.0,Brooklyn,800.0,,2011.0,1,624.0,,Active,,,https://www.redfin.com/NY/Brooklyn/2011-Avenue-X-11235/unit-4B/home/40924941,BNYMLS,470816,N,Y,40.5930443,-73.949713
314,314,MLS Listing,,Multi-Family (2-4 Unit),1773 Westchester Ave,Bronx,NY,10472,899000,8.0,4.0,BRONX,2920.0,,1965.0,1,308.0,,Active,,,https://www.redfin.com/NY/The-Bronx/1773-Westchester-Ave-10472/home/44721407,OneKey,H6225241,N,Y,40.8318652,-73.8675368
315,315,MLS Listing,,Multi-Family (2-4 Unit),4309 104 St,Corona,NY,11368,1200000,8.0,2.0,Corona,2600.0,2500.0,1901.0,1,462.0,,Pre On-Market,,,https://www.redfin.com/NY/Flushing/43-09-104th-St-11368/home/20916922,OneKey,3450283,N,Y,40.747588,-73.8602049
316,316,MLS Listing,,Multi-Family (2-4 Unit),32-73 33rd St,Long Island City,NY,11106,1570000,5.0,3.0,Long Island City,2560.0,2425.0,1930.0,1,613.0,,Active,,,https://www.redfin.com/NY/Queens/32-73-33rd-St-11106/home/20954771,OneKey,3450280,N,Y,40.75929,-73.9249829
317,317,MLS Listing,,Single Family Residential,87-31 252 St,Bellerose,NY,11426,775000,3.0,2.0,Bellerose,,3300.0,1927.0,1,,,Active,January-7-2023 01:00 PM,January-7-2023 02:30 PM,https://www.redfin.com/NY/Queens/8731-252nd-St-11426/home/20795278,OneKey,3450288,N,Y,40.7297245,-73.7136169
318,318,MLS Listing,,Condo/Co-op,34-31 82 St #51,Jackson Heights,NY,11372,465000,2.0,1.0,The Colonials,1050.0,,1915.0,1,443.0,1110.0,Active,,,https://www.redfin.com/NY/Flushing/34-31-82nd-St-11372/unit-51/home/20645754,OneKey,3450289,N,Y,40.7528407,-73.8846085
319,319,MLS Listing,,Single Family Residential,187-09 Jordan Ave,Saint Albans,NY,11412,779000,4.0,4.0,Saint Albans,,4000.0,1930.0,1,,,Active,,,https://www.redfin.com/NY/Jamaica/187-09-Jordan-Ave-11412/home/20751042,OneKey,3450278,N,Y,40.6998064,-73.7677655
320,320,MLS Listing,,Condo/Co-op,138-45 Jewel Ave Unit B,Kew Garden Hills,NY,11367,429888,2.0,1.0,Joyce Gardens,,,1960.0,1,,1075.0,Active,,,https://www.redfin.com/NY/Flushing/138-45-Jewel-Ave-11367/unit-B/home/183630064,OneKey,3450287,N,Y,40.7293991,-73.8263674
321,321,MLS Listing,,Condo/Co-op,73-12 35th Ave Unit D25,Jackson Heights,NY,11372,869500,3.0,2.0,Washington Plaza,1260.0,,1940.0,1,690.0,1714.0,Active,,,https://www.redfin.com/NY/Queens/73-12-35th-Ave-11372/unit-D25/home/178755062,OneKey,3450281,N,Y,40.7501671,-73.8924608
322,322,MLS Listing,,Vacant Land,77 Woodland Ave,Staten Island,NY,10308,699000,0.0,,Great Kills,,10500.0,,1,,,Active,,,https://www.redfin.com/NY/Staten-Island/77-Woodland-Ave-10308/home/56126465,SIBORMLS,1159369,N,Y,40.5547238,-74.1546292
323,323,MLS Listing,,Single Family Residential,441 Marine Ave,Brooklyn,NY,11209,759000,2.0,2.0,Brooklyn,1248.0,1430.0,1930.0,1,608.0,,Active,,,https://www.redfin.com/NY/Brooklyn/441-Marine-Ave-11209/home/40820537,BNYMLS,470815,N,Y,40.6136061,-74.0313549
324,324,MLS Listing,,Single Family Residential,1362 E 31 St,Brooklyn,NY,11210,2900000,4.0,4.5,Brooklyn,3720.0,3150.0,2002.0,1,780.0,,Active,,,https://www.redfin.com/NY/Brooklyn/1362-E-31st-St-11210/home/40872453,BNYMLS,470768,N,Y,40.6182436,-73.9445009
325,325,MLS Listing,,Townhouse,,Staten Island,NY,10314,729000,4.0,3.0,,1575.0,4000.0,1920.0,1,463.0,,Active,,,https://www.redfin.com/NY/Staten-Island/Undisclosed-address-10314/home/56131664,SIBORMLS,1159368,N,Y,40.601235,-74.1300405
326,326,MLS Listing,,Single Family Residential,75 Parkview Loop,Staten Island,NY,10314,449000,3.0,1.5,Bulls Head,1142.0,1142.0,1980.0,1,393.0,218.0,Active,,,https://www.redfin.com/NY/Staten-Island/75-Parkview-Loop-10314/home/56086192,SIBORMLS,1159367,N,Y,40.6095572,-74.1562237
327,327,MLS Listing,,Townhouse,481 Father Capodanno Blvd,Staten Island,NY,10305,935000,3.0,3.5,South Beach,2700.0,4024.0,2004.0,1,346.0,70.0,Active,,,https://www.redfin.com/NY/Staten-Island/481-Father-Capodanno-Blvd-10305/home/181061197,SIBORMLS,1159366,N,Y,40.5862445,-74.0709774
328,328,MLS Listing,,Single Family Residential,19 Benjamin Pl,Staten Island,NY,10303,549900,3.0,2.0,Arlington,912.0,5000.0,1960.0,1,603.0,,Active,,,https://www.redfin.com/NY/Staten-Island/19-Benjamin-Pl-10303/home/56106219,SIBORMLS,1159365,N,Y,40.6375544,-74.168975
329,329,MLS Listing,,Single Family Residential,113 Purcell St,Staten Island,NY,10310,645000,3.0,1.5,Clove Lake,2112.0,5883.0,1960.0,1,305.0,,Active,,,https://www.redfin.com/NY/Staten-Island/113-Purcell-St-10310/home/56098283,SIBORMLS,1159364,N,Y,40.6280913,-74.1161734
330,330,MLS Listing,,Multi-Family (2-4 Unit),64-40 138th St,Flushing,NY,11367,1858000,8.0,3.5,Flushing,2920.0,4807.0,1945.0,1,636.0,,Active,,,https://www.redfin.com/NY/Queens/64-40-138th-St-11367/home/20830204,OneKey,3450260,N,Y,40.7377395,-73.8286956
331,331,MLS Listing,,Condo/Co-op,735 Kappock St Unit 8C,Bronx,NY,10463,385000,2.0,2.0,Riverdale,1100.0,,1957.0,1,350.0,1333.0,Active,,,https://www.redfin.com/NY/The-Bronx/735-Kappock-St-10463/unit-8C/home/92225082,OneKey,H6224966,N,Y,40.8823112,-73.9195127
332,332,MLS Listing,,Condo/Co-op,107-24 71st Rd Unit 3E,Forest Hills,NY,11375,1350000,2.0,2.0,The Wndsor,1142.0,13000.0,2005.0,1,1182.0,1070.0,Active,January-7-2023 01:00 PM,January-7-2023 03:00 PM,https://www.redfin.com/NY/Queens/10724-71st-Rd-11375/unit-3E/home/20662583,OneKey,3450262,N,Y,40.7202429,-73.8430513
333,333,MLS Listing,,Condo/Co-op,3530 Henry Hudson Pkwy Unit 5F,Bronx,NY,10463,407500,2.0,1.0,Parkway House,1050.0,,1955.0,1,388.0,917.0,Active,,,https://www.redfin.com/NY/The-Bronx/3530-Henry-Hudson-Pkwy-10463/unit-5F/home/44768748,OneKey,H6225371,N,Y,40.8865101,-73.9115947
334,334,MLS Listing,,Condo/Co-op,5650 Netherland Ave Unit 2D,Bronx,NY,10471,175000,1.0,1.0,Netherland Gardens,750.0,,1949.0,1,233.0,784.0,Active,,,https://www.redfin.com/NY/Bronx/5650-Netherland-Ave-10471/unit-2D/home/179346855,OneKey,H6224862,N,Y,40.9052538,-73.9061165
335,335,MLS Listing,,Single Family Residential,955 W Fingerboard Rd,Staten Island,NY,10304,515000,2.0,2.0,Grasmere,1344.0,1600.0,1986.0,1,383.0,291.0,Active,,,https://www.redfin.com/NY/Staten-Island/955-W-Fingerboard-Rd-10304/home/56134452,SIBORMLS,1159363,N,Y,40.6014311,-74.0875754
336,336,MLS Listing,,Condo/Co-op,1350 Ocean Pkwy Unit 6g,Brooklyn,NY,11230,399000,2.0,1.0,Midwood,1000.0,1000.0,1949.0,1,399.0,1046.0,Active,,,https://www.redfin.com/NY/Brooklyn/1350-Ocean-Pkwy-11230/unit-6G/home/40652137,SIBORMLS,1159362,N,Y,40.6157378,-73.9696944
337,337,MLS Listing,,Multi-Family (2-4 Unit),165 Battery Ave,Brooklyn,NY,11209,1388000,5.0,3.5,Brooklyn,2400.0,3143.0,1899.0,1,578.0,,Active,,,https://www.redfin.com/NY/Brooklyn/165-Battery-Ave-11209/home/40821171,BNYMLS,470811,N,Y,40.6151281,-74.0247449
338,338,MLS Listing,,Single Family Residential,14 Cypress Ave,Staten Island,NY,10301,499000,2.0,1.0,Sunnyside,784.0,4000.0,1945.0,1,636.0,,Active,,,https://www.redfin.com/NY/Staten-Island/14-Cypress-Ave-10301/home/56047354,SIBORMLS,1159361,N,Y,40.614211,-74.1088323
339,339,MLS Listing,,Multi-Family (2-4 Unit),155-34 116th Ave,Jamaica,NY,11434,659000,4.0,4.0,Jamaica,,4242.0,1960.0,1,,,Active,,,https://www.redfin.com/NY/Queens/155-34-116th-Ave-11434/home/20713076,OneKey,3450243,N,Y,40.6840553,-73.7884864
340,340,MLS Listing,,Condo/Co-op,170 Arlo Rd Unit A,Staten Island,NY,10301,269900,2.0,1.0,Grymes Hill,800.0,,1951.0,1,337.0,892.0,Active,,,https://www.redfin.com/NY/Staten-Island/170-Arlo-Rd-10301/unit-A/home/183628811,SIBORMLS,1159360,N,Y,40.6191552,-74.0957125
341,341,MLS Listing,,Multi-Family (2-4 Unit),150 Bay 38th St,Brooklyn,NY,11214,1480000,6.0,4.0,Brooklyn,2400.0,2320.0,1927.0,1,617.0,,Active,January-7-2023 01:00 PM,January-7-2023 03:00 PM,https://www.redfin.com/NY/Brooklyn/150-Bay-38th-St-11214/home/183628768,BNYMLS,470814,N,Y,40.5955425,-73.9912327
342,342,MLS Listing,,Single Family Residential,37 N North Ave,Staten Island,NY,10302,649000,3.0,1.5,Westerleigh,1368.0,4120.0,1955.0,1,474.0,,Active,,,https://www.redfin.com/NY/Staten-Island/37-North-Ave-10302/home/56138741,SIBORMLS,1159358,N,Y,40.6237949,-74.1365435
343,343,MLS Listing,,Single Family Residential,1032 Rathbun Ave Unit B,Staten Island,NY,10309,439000,2.0,1.5,Princes Bay,960.0,800.0,1987.0,1,457.0,220.0,Active,,,https://www.redfin.com/NY/Staten-Island/1032-Rathbun-Ave-10309/unit-B/home/148233609,SIBORMLS,1159359,N,Y,40.5359229,-74.2106961
344,344,MLS Listing,,Condo/Co-op,138-32 68th Dr Unit 2C,Kew Garden Hills,NY,11367,279000,1.0,1.0,Joyce Garden,700.0,,1952.0,1,399.0,622.0,Active,January-7-2023 01:00 PM,January-7-2023 03:00 PM,https://www.redfin.com/NY/Flushing/138-32-68th-Dr-11367/unit-2C/home/63686250,OneKey,3450230,N,Y,40.730375,-73.8273907
345,345,MLS Listing,,Multi-Family (2-4 Unit),1092 Lenox Rd,Brooklyn,NY,11212,1275000,9.0,4.0,Brooklyn,3198.0,2500.0,1930.0,1,399.0,,Active,,,https://www.redfin.com/NY/Brooklyn/1092-Lenox-Rd-11212/home/40772870,BNYMLS,470813,N,Y,40.6583654,-73.919577
346,346,MLS Listing,,Multi-Family (5+ Unit),62 Fillmore St,Staten Island,NY,10301,759000,8.0,2.0,New Brighton,1768.0,3740.0,1910.0,1,429.0,,Active,,,https://www.redfin.com/NY/Staten-Island/62-Fillmore-St-10301/home/56123449,SIBORMLS,1159310,N,Y,40.6446823,-74.0905701
347,347,MLS Listing,,Condo/Co-op,298 Timber Ridge Drive Dr,Staten Island,NY,10308,299000,1.0,1.0,Bay Terrace,758.0,758.0,1981.0,1,394.0,235.0,Active,,,https://www.redfin.com/NY/Staten-Island/298-Timber-Ridge-Dr-10308/home/183628354,SIBORMLS,1159356,N,Y,40.5547664,-74.1431102
348,348,MLS Listing,,Single Family Residential,248-34 Thebes Ave,Little Neck,NY,11362,950000,3.0,2.0,Little Neck,1513.0,5000.0,1950.0,1,628.0,,Active,January-7-2023 12:00 PM,January-7-2023 02:00 PM,https://www.redfin.com/NY/Queens/248-34-Thebes-Ave-11362/home/20798249,OneKey,3450229,N,Y,40.7654667,-73.73673
349,349,MLS Listing,,Multi-Family (2-4 Unit),16 Florence St,Staten  Island,NY,10308,718000,5.0,3.5,Staten  Island,2862.0,6963.0,1940.0,1,251.0,,Active,,,https://www.redfin.com/NY/Staten-Island/16-Florence-St-10308/home/56067870,BNYMLS,470727,N,Y,40.5442741,-74.1458102
