SALE TYPE,SOLD DATE,PROPERTY TYPE,ADDRESS,CITY,STATE OR PROVINCE,ZIP OR POSTAL CODE,PRICE,BEDS,BATHS,LOCATION,SQUARE FEET,LOT SIZE,YEAR BUILT,DAYS ON MARKET,$/SQUARE FEET,HOA/MONTH,STATUS,NEXT OPEN HOUSE START TIME,NEXT OPEN HOUSE END TIME,URL (SEE https://www.redfin.com/buy-a-home/comparative-market-analysis FOR INFO ON PRICING),SOURCE,MLS#,FAVORITE,INTERESTED,LATITUDE,LONGITUDE
MLS Listing,,Townhouse,90-27 186 St,Queens,NY,11423,799000,3,2.0,Hollis,,2500,1925,6,,,Active,,,https://www.redfin.com/NY/Queens/90-27-186th-St-11423/home/20765210,REBNY,PRCH-5000297,N,Y,40.7112733,-73.7737905
MLS Listing,,Townhouse,26 Lester Ct,Brooklyn,NY,11229,595000,2,2.5,Gerristen Beach,,1800,1930,20,,,Active,,,https://www.redfin.com/NY/Brooklyn/26-Lester-Ct-11229/home/40910250,REBNY,PRCH-4376702,N,Y,40.5877603,-73.9247421
MLS Listing,,Single Family Residential,9444 226th St,Floral Park,NY,11001,719000,3,2.0,Floral Park,,2400,1925,33,,,Active,,,https://www.redfin.com/NY/Floral-Park/9444-226th-St-11001/home/20477457,OneKey,3446280,N,Y,40.7212175,-73.72924
MLS Listing,,Single Family Residential,117-51 126th St,South Ozone Park,NY,11420,599000,3,2.0,South Ozone Park,,2100,1920,62,,,Active,,,https://www.redfin.com/NY/Queens/117-51-126th-St-11420/home/20719864,OneKey,3441422,N,Y,40.6737766,-73.8119125
MLS Listing,,Condo/Co-op,99-31 64th Ave Unit A-15,Queens,NY,11374,349000,1,1.0,Rego Park,968,38200,1947,65,361,814,Active,,,https://www.redfin.com/NY/Rego-Park/9931-64th-Ave-11374/unit-A15/home/40449539,REBNY,PRCH-3974324,N,Y,40.7317499,-73.8535799
MLS Listing,,Condo/Co-op,11 W 30th St Unit 12R,New York,NY,10001,1695000,2,2.0,Midtown South,1890,4937,1927,69,897,3388,Active,,,https://www.redfin.com/NY/New-York/11-W-30th-St-10001/unit-12R/home/182513684,REBNY,PRCH-3970387,N,Y,40.7464683,-73.9872992
MLS Listing,,Multi-Family (2-4 Unit),3086 Avenue W,Brooklyn,NY,11229,859000,3,2.0,Sheepshead Bay,,2000,1955,75,,,Active,,,https://www.redfin.com/NY/Brooklyn/3086-Avenue-W-11229/home/40865301,REBNY,PRCH-3971722,N,Y,40.5963917,-73.9346907
MLS Listing,,Condo/Co-op,211 Thompson St Unit 6M,New York,NY,10012,899000,1,1.5,Greenwich Village,,10000,1975,77,,1361,Active,,,https://www.redfin.com/NY/New-York/211-Thompson-St-10012/unit-6M/home/45141781,REBNY,PRCH-3970271,N,Y,40.7289082,-73.9994851
MLS Listing,,Multi-Family (2-4 Unit),71-09 73rd St,Glendale,NY,11385,895000,5,2.5,Glendale,,2017,1910,83,,,Active,,,https://www.redfin.com/NY/Queens/71-09-73rd-St-11385/home/20877533,OneKey,3436955,N,Y,40.7051351,-73.8772463
MLS Listing,,Condo/Co-op,172-27 Highland Ave Unit 1H,Queens,NY,11432,500000,2,2.5,Jamaica,,25000,1991,93,,370,Active,,,https://www.redfin.com/NY/Queens/17227-Highland-Ave-11432/unit-1H/home/20760650,REBNY,PRCH-3960099,N,Y,40.7134503,-73.7904076
MLS Listing,,Townhouse,111-56 144th St,Jamaica,NY,11435,529000,2,2.0,Jamaica,,2200,1945,96,,,Active,,,https://www.redfin.com/NY/Jamaica/111-56-144th-St-11435/home/20714726,OneKey,3434077,N,Y,40.6848845,-73.8002608
MLS Listing,,Single Family Residential,80-38 256th St,Glen Oaks,NY,11004,849000,4,2.5,Glen Oaks,1734,4000,1950,98,490,,Active,,,https://www.redfin.com/NY/Queens/80-38-256th-St-11004/home/20794042,OneKey,3433472,N,Y,40.742948,-73.7145709
MLS Listing,,Condo/Co-op,84-20 153rd Ave Unit 3C,Queens,NY,11414,279000,2,2.0,Lindenwood,,110550,1964,111,,1217,Active,,,https://www.redfin.com/NY/Queens/84-20-153rd-Ave-11414/unit-3C/home/20647590,REBNY,PRCH-3944575,N,Y,40.666096,-73.8488468
MLS Listing,,Condo/Co-op,351 S 3rd St Unit 3B,Brooklyn,NY,11211,1040000,2,1.0,Williamsburg,761,2950,2006,120,1367,280,Active,,,https://www.redfin.com/NY/Brooklyn/351-S-3rd-St-11211/unit-3B/home/40923720,REBNY,PRCH-3937696,N,Y,40.7094314,-73.9535061
MLS Listing,,Condo/Co-op,86-70 Francis Lewis Blvd Unit A52,Queens Village,NY,11427,189000,1,1.0,Hilltop Village,,,1954,140,,730,Active,,,https://www.redfin.com/NY/Queens-Village/8670-Francis-Lewis-BLVD-11427/unit-A52/home/175520289,OneKey,3424104,N,Y,40.7302787,-73.7442568
MLS Listing,,Co-op,417 Riverside Dr Unit 3A1,New York,NY,10025,1450000,2,1.0,Morningside Heights,,6625,1918,142,,2297,Active,,,https://www.redfin.com/NY/New-York/417-Riverside-Dr-10025/unit-3A1/home/45164302,REBNY,PRCH-3866235,N,Y,40.8073367,-73.9666342
MLS Listing,,Single Family Residential,320 Brinsmade Ave,Bronx,NY,10465,500000,3,1.0,BRONX,880,3324,1925,146,568,,Active,,,https://www.redfin.com/NY/The-Bronx/320-Brinsmade-Ave-10465/home/44788252,OneKey,H6202906,N,Y,40.8180068,-73.8216085
MLS Listing,,Condo/Co-op,110 W 80th St Unit 4r/F,New York,NY,10024,1899999,3,2.5,Upper West Side,,2043,1893,167,,1657,Active,,,https://www.redfin.com/NY/New-York/110-W-80th-St-10024/unit-4r-F/home/180603291,REBNY,PRCH-3852856,N,Y,40.7827605,-73.9758616
MLS Listing,,Condo/Co-op,301 E 87th St Unit 23F,New York,NY,10128,850000,1,1.0,Yorkville,,10067,1972,180,,1765,Active,,,https://www.redfin.com/NY/New-York/301-E-87th-St-10128/unit-23F/home/45161559,REBNY,PRCH-3845636,N,Y,40.7785894,-73.9507922
MLS Listing,,Condo/Co-op,118 E 60th St Unit 23A,New York,NY,10022,550000,1,1.0,Lenox Hill,,24100,1964,289,,1715,Active,,,https://www.redfin.com/NY/New-York/118-E-60th-St-10022/unit-23A/home/172384064,REBNY,PRCH-3766068,N,Y,40.7629068,-73.9686349
MLS Listing,,Condo/Co-op,200 Cabrini Blvd #1,New York,NY,10033,699000,2,1.0,Hudson Heights,997,382704,1939,457,701,1433,Active,,,https://www.redfin.com/NY/New-York/200-Cabrini-Blvd-10033/unit-1/home/115051448,REBNY,PRCH-3682387,N,Y,40.854604029,-73.9392436
MLS Listing,,Condo/Co-op,330 E 38th St Unit 24-A,New York,NY,10016,1295000,1,2.5,Murray Hill,1043,81173,1987,1,1242,843,Active,,,https://www.redfin.com/NY/New-York/330-E-38th-St-10016/unit-24A/home/45258125,REBNY,OLRS-1594952,N,Y,40.7463691,-73.9731773
MLS Listing,,Condo/Co-op,21-45 44th Dr Unit 1-J,Queens,NY,11101,754000,1,1.0,Hunters Point,628,7300,2010,1,1201,644,Active,,,https://www.redfin.com/NY/Long-Island-City/21-45-44th-Dr-11101/unit-1J/home/45109637,REBNY,OLRS-1600623,N,Y,40.7480735,-73.9457711
MLS Listing,,Condo/Co-op,300 E 85th St #202,New York,NY,10028,780000,1,1.0,Yorkville,700,11850,1987,1,1114,1684,Active,,,https://www.redfin.com/NY/New-York/300-E-85th-St-10028/unit-202/home/45230461,REBNY,OLRS-692860,N,Y,40.776824,-73.9519402
MLS Listing,,Condo/Co-op,159 W 118th St Unit 3-E,New York,NY,10026,1200000,3,2.0,Harlem,1296,10092,1900,1,926,807,Active,,,https://www.redfin.com/NY/New-York/159-W-118th-St-10026/unit-3E/home/45340661,REBNY,OLRS-527270,N,Y,40.8045193,-73.9512339
MLS Listing,,Townhouse,12 Agate Ct,Brooklyn,NY,11213,1700000,4,3.5,Stuyvesant Heights,2720,1240,1888,1,625,,Active,,,https://www.redfin.com/NY/Brooklyn/12-Agate-Ct-11213/home/40729644,REBNY,OLRS-0055205,N,Y,40.6782821,-73.939546
MLS Listing,,Condo/Co-op,177 Ninth Ave Ph -B,New York,NY,10011,5750000,2,2.5,Chelsea,2049,23765,2008,1,2806,7569,Active,,,https://www.redfin.com/NY/New-York/177-9th-Ave-10011/unit-B/home/174307908,REBNY,OLRS-745810,N,Y,40.7450569,-74.0027927
MLS Listing,,Condo/Co-op,112-01 Queens Blvd Unit 6-L,Queens,NY,11375,595000,1,1.0,Forest Hills,683,42680,1988,1,871,806,Active,,,https://www.redfin.com/NY/Queens/112-01-Queens-Blvd-11375/unit-6L/home/20914923,REBNY,OLRS-918299,N,Y,40.7190009,-73.8365029
MLS Listing,,Condo/Co-op,251 Seaman Ave Unit 5F,New York,NY,10034,699000,2,2.0,Inwood,1150,15000,1938,1,608,1282,Active,,,https://www.redfin.com/NY/New-York/251-Seaman-Ave-10034/unit-5F/home/45166505,REBNY,RPLU-28402027926,N,Y,40.8716437,-73.9178483
MLS Listing,,Condo/Co-op,264 W 22nd St #11,New York,NY,10011,499000,1,1.0,Chelsea,,2469,1920,1,,1280,Active,,,https://www.redfin.com/NY/New-York/264-W-22nd-St-10011/unit-11/home/53323250,REBNY,OLRS-1211671,N,Y,40.7442437,-73.9985898
MLS Listing,,Condo/Co-op,462 W 58th St Unit 4-A,New York,NY,10019,2150000,3,2.5,Hells Kitchen,1637,14095,2008,1,1313,1672,Active,,,https://www.redfin.com/NY/New-York/462-W-58th-St-10019/unit-4A/home/45322385,REBNY,OLRS-1546918,N,Y,40.7693647,-73.9875483
MLS Listing,,Condo/Co-op,300 E 71st St Unit 17-H,New York,NY,10021,1299000,2,2.0,Lenox Hill,,22595,1961,1,,2520,Active,,,https://www.redfin.com/NY/New-York/300-E-71st-St-10021/unit-17H/home/144319728,REBNY,OLRS-673046,N,Y,40.7676094,-73.958897
MLS Listing,,Condo/Co-op,13 W 13th St Unit 6-BS,New York,NY,10011,1299000,2,2.0,Greenwich Village,,18070,1962,1,,3080,Active,,,https://www.redfin.com/NY/New-York/13-W-13th-St-10011/unit-6BS/home/166831077,REBNY,OLRS-1823096,N,Y,40.7360052,-73.9950777
MLS Listing,,Condo/Co-op,401 E 60th St Unit 36-B,New York,NY,10022,1585000,2,2.0,Lenox Hill,1140,40200,1999,1,1390,1759,Active,,,https://www.redfin.com/NY/New-York/401-E-60th-St-10022/unit-36B/home/45315373,REBNY,OLRS-1705412,N,Y,40.7603031,-73.9610497
MLS Listing,,Condo/Co-op,304 E 73rd St Unit 2-F,New York,NY,10021,385000,0,1.0,Upper East Side,,5110,1910,1,,877,Active,,,https://www.redfin.com/NY/New-York/304-E-73rd-St-10021/unit-2F/home/45198631,REBNY,OLRS-1469161,N,Y,40.769048,-73.957453
MLS Listing,,Condo/Co-op,100 Park Ter W Unit 4-M,New York,NY,10034,499000,2,1.0,Inwood,,18650,1951,1,,811,Active,,,https://www.redfin.com/NY/New-York/100-Park-Ter-W-10034/unit-4M/home/148571905,REBNY,OLRS-1771961,N,Y,40.8717961,-73.916064
MLS Listing,,Condo/Co-op,205 E 78th St Unit 8-S,New York,NY,10075,395000,0,1.0,Upper East Side,,15835,1928,1,,993,Active,,,https://www.redfin.com/NY/New-York/205-E-78th-St-10075/unit-8S/home/144573967,REBNY,OLRS-122599,N,Y,40.7736038,-73.9573268
MLS Listing,,Townhouse,30 Gunther Pl,Brooklyn,NY,11233,1350000,5,4.5,Ocean Hill,2220,1313,1901,1,608,,Active,January-8-2023 01:00 PM,January-8-2023 03:00 PM,https://www.redfin.com/NY/Brooklyn/30-Gunther-Pl-11233/home/40719317,REBNY,OLRS-0082131,N,Y,40.6767282,-73.9120485
MLS Listing,,Multi-Family (2-4 Unit),228 W 136th St,New York,NY,10030,2695000,4,3.5,Harlem,3400,1665,1910,1,793,,Active,,,https://www.redfin.com/NY/New-York/228-W-136th-St-10030/home/166908956,REBNY,OLRS-0078338,N,Y,40.8163917,-73.9445813
MLS Listing,,Condo/Co-op,11 E 29th St Unit 48-C,New York,NY,10016,2100000,1,1.5,NoMad,991,7404,2005,1,2119,1254,Active,,,https://www.redfin.com/NY/New-York/11-E-29th-St-10016/unit-48C/home/45222464,REBNY,OLRS-1596112,N,Y,40.7449921,-73.985602
MLS Listing,,Condo/Co-op,7 Park Ave Unit 10-H,New York,NY,10016,399000,0,1.0,Murray Hill,,13054,1930,1,,958,Active,,,https://www.redfin.com/NY/New-York/7-Park-Ave-10016/unit-10H/home/53323726,REBNY,OLRS-1090028,N,Y,40.747171,-73.9809462
MLS Listing,,Condo/Co-op,3850 Hudson Manor Ter Unit 6-DE,Bronx,NY,10463,369000,2,2.0,Riverdale,1200,68625,1954,1,308,1270,Active,,,https://www.redfin.com/NY/BRONX/3850-HUDSON-MANOR-TER-10463/unit-6DE/home/40496842,REBNY,OLRS-1096719,N,Y,40.8895,-73.914807
MLS Listing,,Condo/Co-op,88 Greenwich St #917,New York,NY,10006,995000,1,1.0,Financial District,883,24470,1929,1,1127,1317,Active,,,https://www.redfin.com/NY/New-York/88-Greenwich-St-10006/unit-917/home/45204964,REBNY,OLRS-1438947,N,Y,40.7077981,-74.013828
MLS Listing,,Townhouse,,New York,NY,10016,5500000,6,6.0,Murray Hill,5800,1661,1850,1,948,,Active,,,https://www.redfin.com/NY/New-York/Undisclosed-address-10016/home/45333496,REBNY,OLRS-0022203,N,Y,40.7472682,-73.9802189
MLS Listing,,Condo/Co-op,100 W 58th St Unit 7-G,New York,NY,10019,1295000,2,2.0,Midtown Central,1161,10017,1928,1,1115,1839,Active,,,https://www.redfin.com/NY/New-York/100-W-58th-St-10019/unit-7G/home/45190128,REBNY,OLRS-1220201,N,Y,40.7650262,-73.9771152
MLS Listing,,Condo/Co-op,230 W 78th St Unit 5-A,New York,NY,10024,5345000,4,4.0,Upper West Side,2539,5108,2008,1,2105,3788,Active,,,https://www.redfin.com/NY/New-York/230-W-78th-St-10024/unit-5A/home/45223752,REBNY,OLRS-403403,N,Y,40.7828939,-73.9800849
MLS Listing,,Condo/Co-op,363 E 76th St Unit 5-M,New York,NY,10021,850000,2,1.0,Upper East Side,,19754,1963,1,,1826,Active,,,https://www.redfin.com/NY/New-York/363-E-76th-St-10021/unit-5M/home/45183512,REBNY,OLRS-1856971,N,Y,40.7707823,-73.9545398
MLS Listing,,Condo/Co-op,1 Central Park S #1801,New York,NY,10019,16500000,4,3.5,Central Park South,4064,53772,1905,1,4060,6732,Active,,,https://www.redfin.com/NY/New-York/1-Central-Park-S-10019/unit-1801/home/115134796,REBNY,OLRS-1702262,N,Y,40.7646455,-73.974393
MLS Listing,,Condo/Co-op,167 E 61ST St Unit 27-A,New York,NY,10065,1799000,2,2.0,Lenox Hill,1400,21087,1984,1,1285,3691,Active,,,https://www.redfin.com/NY/New-York/167-E-61st-St-10065/unit-27A/home/45156659,REBNY,OLRS-163278,N,Y,40.7631868,-73.9657847
MLS Listing,,Condo/Co-op,580 Marcy Ave Unit 4-B,Brooklyn,NY,11206,799000,1,1.0,Bed Stuy,740,2500,1931,1,1080,398,Active,,,https://www.redfin.com/NY/Brooklyn/580-Marcy-Ave-11206/unit-4B/home/40676452,REBNY,OLRS-1558666,N,Y,40.6948638,-73.9494549
MLS Listing,,Condo/Co-op,22 Mercer St Unit 2-D,New York,NY,10013,4750000,2,2.5,SoHo,2392,10484,1860,1,1986,2940,Active,,,https://www.redfin.com/NY/New-York/22-Mercer-St-10013/unit-2D/home/45189498,REBNY,OLRS-251996,N,Y,40.7206971,-74.001812
MLS Listing,,Condo/Co-op,530 E 76th St Unit 34/35AB,New York,NY,10021,3700000,4,3.5,Upper East Side,2930,9738,1986,1,1263,5031,Active,,,https://www.redfin.com/NY/New-York/530-E-76th-St-10021/unit-3435AB/home/130618209,REBNY,OLRS-622826,N,Y,40.7685084,-73.9499965
MLS Listing,,Condo/Co-op,630 First Ave Unit 9L,New York,NY,10016,1299000,2,2.0,Murray Hill,967,45526,1985,1,1343,1136,Active,,,https://www.redfin.com/NY/New-York/630-1st-Ave-10016/unit-9L/home/45258441,REBNY,RPLU-704119968829,N,Y,40.7451918,-73.9716642
MLS Listing,,Condo/Co-op,52 Park Ave #2,New York,NY,10016,2095000,2,2.5,Murray Hill,1231,2537,1984,1,1702,2317,Active,,,https://www.redfin.com/NY/New-York/52-Park-Ave-10016/unit-2/home/45313641,REBNY,OLRS-198466,N,Y,40.7493512,-73.9801398
MLS Listing,,Condo/Co-op,431 E 82nd St Unit 1-A,New York,NY,10028,280000,0,1.0,Yorkville,,2554,1910,1,,689,Active,,,https://www.redfin.com/NY/New-York/431-E-82nd-St-10028/unit-1A/home/45318792,REBNY,OLRS-757868,N,Y,40.7737792,-73.9495867
MLS Listing,,Condo/Co-op,25 Fifth Ave Unit 8-H,New York,NY,10003,1875000,1,1.0,Greenwich Village,724,10546,1921,1,2590,999,Active,,,https://www.redfin.com/NY/New-York/25-5th-Ave-10003/unit-8H/home/45221385,REBNY,OLRS-1358858,N,Y,40.7328142,-73.995445
MLS Listing,,Condo/Co-op,99 John St #2011,New York,NY,10038,870000,1,1.0,Financial District,798,29668,1933,1,1090,644,Active,,,https://www.redfin.com/NY/New-York/99-John-St-10038/unit-2011/home/45220150,REBNY,OLRS-1101067,N,Y,40.7083595,-74.0060041
MLS Listing,,Condo/Co-op,88 Greenwich St #329,New York,NY,10006,649000,0,1.0,Financial District,618,24470,1929,1,1050,921,Active,,,https://www.redfin.com/NY/New-York/88-Greenwich-St-10006/unit-329/home/45218139,REBNY,OLRS-1718282,N,Y,40.7077981,-74.013828
MLS Listing,,Townhouse,144 Cambridge Pl,Brooklyn,NY,11238,1895000,4,5.0,Clinton Hill,6184,1546,1899,1,306,,Active,,,https://www.redfin.com/NY/Brooklyn/144-Cambridge-Pl-11238/home/40732132,REBNY,OLRS-0078622,N,Y,40.6830251,-73.9629149
MLS Listing,,Condo/Co-op,39 W 84th St Unit 3-B,New York,NY,10024,650000,1,1.0,Upper West Side,,2043,1886,1,,660,Active,,,https://www.redfin.com/NY/New-York/39-W-84th-St-10024/unit-3B/home/114894722,REBNY,OLRS-1522583,N,Y,40.7849182,-73.9720409
MLS Listing,,Condo/Co-op,302 E 96th St Ph -4,New York,NY,10128,3795000,3,3.0,Yorkville,2290,5035,2018,1,1657,3191,Active,,,https://www.redfin.com/NY/New-York/302-E-96th-St-10128/unit-4/home/145167041,REBNY,OLRS-1745977,N,Y,40.783707,-73.946774
MLS Listing,,Condo/Co-op,177 E 77th St Unit 5-A,New York,NY,10075,3250000,3,2.0,Upper East Side,1600,10260,1942,1,2031,2500,Active,,,https://www.redfin.com/NY/New-York/177-E-77th-St-10075/unit-5A/home/45134309,REBNY,OLRS-1455724,N,Y,40.7733581,-73.9586221
MLS Listing,,Condo/Co-op,737 Park Ave Unit 9-A,New York,NY,10021,8990000,4,4.0,Lenox Hill,3164,14303,1940,1,2841,3898,Active,,,https://www.redfin.com/NY/New-York/737-Park-Ave-10021/unit-9A/home/105844446,REBNY,OLRS-1375313,N,Y,40.7703913,-73.9637714
MLS Listing,,Condo/Co-op,330 E 57th St #14,New York,NY,10022,2750000,2,2.5,Sutton,1891,3350,2005,1,1454,2443,Active,,,https://www.redfin.com/NY/New-York/330-E-57th-St-10022/unit-14/home/45207465,REBNY,OLRS-1745514,N,Y,40.7587165,-73.9642972
MLS Listing,,Condo/Co-op,322 W 57th St Unit 54-T,New York,NY,10019,8500000,4,4.0,Hells Kitchen,3417,52868,1978,1,2488,3277,Active,,,https://www.redfin.com/NY/New-York/322-W-57th-St-10019/unit-54T/home/144972779,REBNY,OLRS-1733689,N,Y,40.7670037,-73.9840606
MLS Listing,,Condo/Co-op,400 Fifth Ave Unit 41-A,New York,NY,10018,1595000,1,1.5,Garment District,766,16350,2010,1,2082,1345,Active,,,https://www.redfin.com/NY/New-York/400-5th-Ave-10018/unit-41A/home/45331546,REBNY,OLRS-1830354,N,Y,40.7500752,-73.9837835
MLS Listing,,Condo/Co-op,305 Second Ave #344,New York,NY,10003,2000000,2,1.0,Gramercy,1109,21432,1899,1,1803,949,Active,,,https://www.redfin.com/NY/New-York/305-2nd-Ave-10003/unit-344/home/45127789,REBNY,OLRS-1320185,N,Y,40.7344156,-73.9836325
MLS Listing,,Condo/Co-op,50 Kenilworth Pl Unit 6-G,Brooklyn,NY,11210,250000,1,1.0,Flatbush,775,26250,1955,1,323,676,Active,,,https://www.redfin.com/NY/Brooklyn/50-Kenilworth-Pl-11210/unit-6G/home/170607059,REBNY,OLRS-1870548,N,Y,40.6344763,-73.9510906
MLS Listing,,Condo/Co-op,515 E 85th St Unit 6-D,New York,NY,10028,650000,1,1.0,Yorkville,770,10300,1961,1,844,1894,Active,,,https://www.redfin.com/NY/New-York/515-E-85th-St-10028/unit-6D/home/169726898,REBNY,OLRS-1857992,N,Y,40.7751023,-73.9468888
MLS Listing,,Condo/Co-op,365 Bridge St Unit 8-J,Brooklyn,NY,11201,1285000,3,2.0,Downtown Brooklyn,1287,25500,1928,1,998,873,Active,,,https://www.redfin.com/NY/Brooklyn/365-Bridge-St-11201/unit-8J/home/40670168,REBNY,OLRS-1253266,N,Y,40.6925905,-73.9849373
MLS Listing,,Townhouse,502 Clinton Ave,Brooklyn,NY,11238,1500000,9,9.0,Clinton Hill,7500,2400,1930,1,200,,Active,,,https://www.redfin.com/NY/Brooklyn/502-Clinton-Ave-11238/home/40733147,REBNY,OLRS-0070397,N,Y,40.6830859,-73.96719
MLS Listing,,Townhouse,335 Riverside Dr,New York,NY,10025,15998000,8,7.5,Upper West Side,8000,2018,1901,1,2000,,Active,,,https://www.redfin.com/NY/New-York/335-Riverside-Dr-10025/home/45305353,REBNY,OLRS-0021773,N,Y,40.8019332,-73.9701239
MLS Listing,,Condo/Co-op,420 E 51st St Unit 8-B,New York,NY,10022,309000,1,1.0,Beekman,1000,18075,1962,1,309,3326,Active,,,https://www.redfin.com/NY/New-York/420-E-51st-St-10022/unit-8B/home/45155219,REBNY,OLRS-92607,N,Y,40.7540391,-73.9651308
MLS Listing,,Townhouse,212 W 11th St,New York,NY,10014,8500000,4,4.0,West Village,2952,1048,1856,1,2879,,Active,,,https://www.redfin.com/NY/New-York/212-W-11th-St-10014/home/45246281,REBNY,OLRS-0081291,N,Y,40.7363235,-74.0017461
MLS Listing,,Condo/Co-op,2 E 55th St Unit 822/31,New York,NY,10022,105000,1,2.0,Midtown Central,852,22544,1904,1,123,1195,Active,,,https://www.redfin.com/NY/New-York/2-E-55th-St-10022/unit-822-31/home/160603855,REBNY,OLRS-1808686,N,Y,40.7612128,-73.9729824
MLS Listing,,Condo/Co-op,20 W 72nd St Unit 1106-A,New York,NY,10023,479000,0,1.0,Lincoln Square,,10216,1925,1,,886,Active,,,https://www.redfin.com/NY/New-York/20-W-72nd-St-10023/unit-1106A/home/45333720,REBNY,OLRS-949609,N,Y,40.7765087,-73.9775392
MLS Listing,,Townhouse,148 29th St,Brooklyn,NY,11232,1650000,5,3.0,Greenwood,2100,2504,1934,1,786,,Active,,,https://www.redfin.com/NY/Brooklyn/148-29th-St-11232/home/40690145,REBNY,OLRS-0042176,N,Y,40.6586052,-74.0012715
MLS Listing,,Condo/Co-op,470 Columbus Ave #3,New York,NY,10024,9950000,4,4.5,Upper West Side,3570,5000,2022,1,2787,5737,Active,,,https://www.redfin.com/NY/New-York/470-Columbus-Ave-10024/unit-3/home/175534635,REBNY,OLRS-1944346,N,Y,40.7844254,-73.9740758
MLS Listing,,Condo/Co-op,153 Joralemon St Unit 4-R,Brooklyn,NY,11201,375000,1,1.0,Brooklyn Heights,,2050,1861,1,,1338,Active,,,https://www.redfin.com/NY/Brooklyn/153-Joralemon-St-11201/unit-4R/home/40647210,REBNY,OLRS-1940899,N,Y,40.6930356,-73.9933536
MLS Listing,,Condo/Co-op,380 Riverside Dr Unit 4Q,New York,NY,10025,2395000,3,2.0,Morningside Heights,,24800,1906,1,,3171,Active,,,https://www.redfin.com/NY/New-York/380-Riverside-Dr-10025/unit-4Q/home/52985134,REBNY,RPLU-440268933,N,Y,40.8050797,-73.9674377
MLS Listing,,Condo/Co-op,301 E 62nd St Unit 15-H,New York,NY,10065,995000,2,1.0,Lenox Hill,,11800,1958,1,,1651,Active,,,https://www.redfin.com/NY/New-York/301-E-62nd-St-10065/unit-15H/home/45158435,REBNY,OLRS-72113,N,Y,40.7624212,-73.9625338
MLS Listing,,Condo/Co-op,15 W 63rd St Unit 23B,New York,NY,10023,9995000,4,4.5,Lincoln Square,2907,7301,2000,1,3438,4691,Active,,,https://www.redfin.com/NY/New-York/15-W-63rd-St-10023/unit-23B/home/45316094,REBNY,PRCH-2872474,N,Y,40.7711139,-73.980845
MLS Listing,,Townhouse,159 E 78th St,New York,NY,10075,7100000,4,4.5,Upper East Side,2052,1839,1861,1,3460,,Active,,,https://www.redfin.com/NY/New-York/159-E-78th-St-10075/home/45285344,REBNY,OLRS-0071378,N,Y,40.7742176,-73.9587707
MLS Listing,,Condo/Co-op,12 Mercer St #3,New York,NY,10013,2800000,0,2.5,SoHo,2000,1769,1860,1,1400,2000,Active,,,https://www.redfin.com/NY/New-York/12-Mercer-St-10013/unit-3/home/174301104,REBNY,OLRS-1158160,N,Y,40.7204457,-74.0019943
MLS Listing,,Condo/Co-op,860 Fifth Ave Unit 8-E,New York,NY,10065,1495000,2,2.0,Lenox Hill,,24800,1949,1,,3691,Active,,,https://www.redfin.com/NY/New-York/860-5th-Ave-10065/unit-8E/home/168625302,REBNY,OLRS-1842380,N,Y,40.7694918,-73.9687464
MLS Listing,,Condo/Co-op,21 E 61st St Unit 9-E,New York,NY,10065,7495000,3,3.5,Lenox Hill,2507,21640,1950,1,2990,9579,Active,,,https://www.redfin.com/NY/New-York/21-E-61st-St-10065/unit-9E/home/105887635,REBNY,OLRS-1647906,N,Y,40.7652325,-73.9708126
MLS Listing,,Condo/Co-op,685 W End Ave Unit 4-B,New York,NY,10025,2550000,3,2.0,Upper West Side,2120,12583,1928,1,1203,3155,Active,,,https://www.redfin.com/NY/New-York/685-West-Dr-10025/unit-4-B/home/182981364,REBNY,OLRS-54637,N,Y,40.793662,-73.97483
MLS Listing,,Condo/Co-op,,New York,NY,10006,2950000,2,2.0,Financial District,1314,14217,2007,1,2245,2350,Active,,,https://www.redfin.com/NY/New-York/Undisclosed-address-10006/home/169568434,REBNY,OLRS-1856038,N,Y,40.7092191,-74.0137534
MLS Listing,,Condo/Co-op,,Brooklyn,NY,11231,2550000,3,2.5,Carroll Gardens,2400,4648,2019,1,1063,766,Active,,,https://www.redfin.com/NY/Brooklyn/Undisclosed-address-11231/home/182962013,REBNY,OLRS-1936118,N,Y,40.6763366,-74.0001966
MLS Listing,,Condo/Co-op,710 Park Ave Unit 17-B,New York,NY,10021,3495000,3,3.5,Lenox Hill,2300,12552,1947,1,1520,6577,Active,,,https://www.redfin.com/NY/New-York/710-Park-Ave-10021/unit-17B/home/45211654,REBNY,OLRS-1944771,N,Y,40.7697663,-73.9652198
MLS Listing,,Townhouse,,New York,NY,10065,7800000,0,,Lenox Hill,7200,1808,1899,1,1083,,Active,,,https://www.redfin.com/NY/New-York/Undisclosed-address-10065/home/171803299,REBNY,OLRS-0078651,N,Y,40.7636541,-73.9681695
MLS Listing,,Condo/Co-op,165 Chrystie St,New York,NY,10002,7995000,3,3.0,Lower East Side,3308,2650,2018,1,2417,2594,Active,,,https://www.redfin.com/NY/New-York/165-Chrystie-St-10002/Ph/home/180975332,REBNY,OLRS-1887535,N,Y,40.720727,-73.9928511
MLS Listing,,Condo/Co-op,781 Fifth Ave #2307,New York,NY,10022,1775000,1,1.5,Lenox Hill,,12500,1927,1,,10303,Active,,,https://www.redfin.com/NY/New-York/781-5th-Ave-10022/unit-2307/home/45156278,REBNY,PRCH-3208981,N,Y,40.7643205,-73.9725177
MLS Listing,,Condo/Co-op,421 Hudson St #316,New York,NY,10014,3790000,3,2.5,West Village,2425,27622,1911,1,1563,3333,Active,,,https://www.redfin.com/NY/New-York/421-Hudson-St-10014/unit-316/home/45127024,REBNY,OLRS-1357675,N,Y,40.72986,-74.0072895
MLS Listing,,Condo/Co-op,781 Fifth Ave #2804,New York,NY,10022,1900000,2,2.0,Lenox Hill,,12500,1927,1,,13841,Active,,,https://www.redfin.com/NY/New-York/781-5th-Ave-10022/unit-2804/home/174661876,REBNY,OLRS-1927860,N,Y,40.7643205,-73.9725177
MLS Listing,,Condo/Co-op,401 Rutland Rd Unit 5-B,Brooklyn,NY,11203,529000,1,1.0,Northeast Flatbush,508,4569,2016,1,1041,528,Active,January-7-2023 12:00 PM,January-7-2023 02:00 PM,https://www.redfin.com/NY/Brooklyn/401-Rutland-Rd-11203/unit-5-B/home/183051598,REBNY,OLRS-1930180,N,Y,40.6597579,-73.9473211
MLS Listing,,Townhouse,70 89th St,Brooklyn,NY,11209,4200000,6,4.5,Fort Hamilton,2791,6420,1925,1,1505,,Active,,,https://www.redfin.com/NY/Brooklyn/70-89th-St-11209/home/40819235,REBNY,OLRS-0066624,N,Y,40.6226256,-74.0384351
MLS Listing,,Condo/Co-op,50 Brighton 1st Rd Unit 9-H,Brooklyn,NY,11235,489000,1,1.0,Brighton Beach,,77620,1963,1,,775,Active,,,https://www.redfin.com/NY/Brooklyn/50-Brighton-1st-Rd-11235/unit-9H/home/40914984,REBNY,OLRS-775906,N,Y,40.5752727,-73.9672243
MLS Listing,,Condo/Co-op,320 E 14th St #5,New York,NY,10003,1499000,4,3.0,East Village,,2322,1920,1,,3193,Active,January-8-2023 12:00 PM,January-8-2023 01:00 PM,https://www.redfin.com/NY/New-York/320-E-14th-St-10003/unit-5/home/174486694,REBNY,OLRS-1925706,N,Y,40.731741,-73.9842352
MLS Listing,,Condo/Co-op,70 W 139th St Unit 8-I,New York,NY,10037,698000,1,1.0,Harlem,,16986,1940,1,,487,Active,,,https://www.redfin.com/NY/New-York/70-W-139th-St-10037/unit-8I/home/168702132,REBNY,OLRS-1844802,N,Y,40.8162042,-73.9383242
MLS Listing,,Condo/Co-op,1080 Fifth Ave Unit 2-A,New York,NY,10128,2695000,3,4.5,Carnegie Hill,,7471,1960,1,,4397,Active,,,https://www.redfin.com/NY/New-York/1080-5th-Ave-10128/unit-2-A/home/175471655,REBNY,OLRS-1943696,N,Y,40.7834883,-73.9586193
MLS Listing,,Condo/Co-op,223 Pulaski St Unit 1A,Brooklyn,NY,11206,569000,1,1.5,Stuyvesant Heights,900,,2015,1,632,456,Active,,,https://www.redfin.com/NY/Brooklyn/223-Pulaski-St-11206/unit-1A/home/109566302,REBNY,RLMX-012130023826,N,Y,40.6933448,-73.9422966
MLS Listing,,Condo/Co-op,1 Central Park S #1511,New York,NY,10019,3500000,1,1.5,Central Park South,1142,53772,1905,1,3065,1827,Active,January-5-2023 02:00 PM,January-5-2023 04:00 PM,https://www.redfin.com/NY/New-York/1-Central-Park-S-10019/unit-1511/home/175579901,REBNY,OLRS-520656,N,Y,40.7646455,-73.974393
MLS Listing,,Condo/Co-op,401 Rutland Rd Unit 5-C,Brooklyn,NY,11203,875000,2,2.0,Northeast Flatbush,918,4569,2016,1,953,950,Active,January-7-2023 12:00 PM,January-7-2023 02:00 PM,https://www.redfin.com/NY/Brooklyn/401-Rutland-Rd-11203/unit-5-C/home/183016912,REBNY,OLRS-1930182,N,Y,40.6597579,-73.9473211
MLS Listing,,Condo/Co-op,29 E 64th St Unit 2-A,New York,NY,10065,3250000,4,3.0,Lenox Hill,,11045,1922,1,,6284,Active,,,https://www.redfin.com/NY/New-York/29-E-64th-St-10065/unit-2A/home/45202470,REBNY,OLRS-376084,N,Y,40.7666978,-73.9687304
MLS Listing,,Condo/Co-op,274 Saint Johns Pl Unit 3-D,Brooklyn,NY,11217,825000,2,1.0,Prospect Heights,,5433,1912,1,,936,Active,,,https://www.redfin.com/NY/Brooklyn/274-St-Johns-Pl-11238/unit-3D/home/40649139,REBNY,OLRS-1290398,N,Y,40.673799,-73.9681495
MLS Listing,,Condo/Co-op,5 E 75th St #6,New York,NY,10021,2495000,1,1.0,Upper East Side,,3065,1901,1,,2244,Active,,,https://www.redfin.com/NY/New-York/5-E-75th-St-10021/unit-6/home/45230856,REBNY,OLRS-640408,N,Y,40.7742867,-73.9647516
MLS Listing,,Condo/Co-op,303 E 57th St Unit 6-AB,New York,NY,10022,895000,2,2.5,Sutton,2000,34926,1967,1,448,5258,Active,,,https://www.redfin.com/NY/New-York/303-E-57th-St-10022/unit-6AB/home/45211169,REBNY,OLRS-110508,N,Y,40.7595774,-73.964779
MLS Listing,,Condo/Co-op,3245 Perry Ave Unit 5A,Bronx,NY,10467,255000,1,1.0,Norwood,744,7500,1940,1,343,685,Active,,,https://www.redfin.com/NY/The-Bronx/3245-Perry-Ave-10467/unit-6G/home/44600618,REBNY,CORC-20814906,N,Y,40.8758111,-73.8765929
MLS Listing,,Condo/Co-op,90 15th St,Brooklyn,NY,11215,1450000,3,3.0,Gowanus,,1188,1899,1,,,Active,,,https://www.redfin.com/NY/Brooklyn/90-15th-St-11215/home/40702068,REBNY,CORC-21115726,N,Y,40.6675129,-73.9937614
MLS Listing,,Condo/Co-op,415 E 52nd St Unit 1-AC,New York,NY,10022,395000,0,1.0,Beekman,,46575,1954,1,,826,Active,,,https://www.redfin.com/NY/New-York/415-E-52nd-St-10022/unit-1AC/home/175259337,REBNY,OLRS-1940823,N,Y,40.7548672,-73.964448
MLS Listing,,Condo/Co-op,,New York,NY,10019,3450000,1,1.5,Midtown Central,1037,23808,2013,1,3327,1338,Active,,,https://www.redfin.com/NY/New-York/Undisclosed-address-10019/home/102004317,REBNY,OLRS-1898750,N,Y,40.7654184,-73.9791558
MLS Listing,,Condo/Co-op,,New York,NY,10033,699000,2,1.0,Washington Heights,,11175,1907,1,,1009,Active,,,https://www.redfin.com/NY/New-York/Undisclosed-address-10033/home/175855344,REBNY,OLRS-1948940,N,Y,40.8503073,-73.9387285
MLS Listing,,Multi-Family (2-4 Unit),690 HUMBOLDT St,Brooklyn,NY,11222,1795000,3,3.0,Greenpoint,2469,1800,1901,1,727,,Active,,,https://www.redfin.com/NY/Brooklyn/690-Humboldt-St-11222/home/40741103,REBNY,OLRS-0081762,N,Y,40.7250168,-73.9451094
MLS Listing,,Condo/Co-op,250 W 81st St Unit 8-B,New York,NY,10024,6250000,4,3.5,Upper West Side,,7900,2019,1,,3404,Active,,,https://www.redfin.com/NY/New-York/250-W-81st-St-10024/unit-8B/home/145345063,REBNY,OLRS-1745397,N,Y,40.7852127,-73.9794479
MLS Listing,,Townhouse,109 Waverly Pl,New York,NY,10011,24950000,8,6.5,Greenwich Village,8300,2517,1840,1,3006,,Active,,,https://www.redfin.com/NY/New-York/109-Waverly-Pl-10011/home/45243706,REBNY,OLRS-0021995,N,Y,40.7326368,-73.998918
MLS Listing,,Condo/Co-op,27-04 ASTORIA Blvd Unit GARDEN 1B,Queens,NY,11102,1250000,1,1.0,Astoria,1439,2741,1973,1,869,324,Active,,,https://www.redfin.com/NY/Long-Island-City/27-04-Astoria-Blvd-11102/unit-GARDEN-1B/home/175936913,REBNY,RLMX-00382002247056,N,Y,40.7706892,-73.9212902
MLS Listing,,Condo/Co-op,111 Montgomery St Unit 5-Q,Brooklyn,NY,11225,549000,0,1.0,Crown Heights,,21700,2018,1,,437,Active,,,https://www.redfin.com/NY/Brooklyn/111-Montgomery-St-11225/unit-5-Q/home/177554051,REBNY,OLRS-1964650,N,Y,40.6666595,-73.9605853
MLS Listing,,Condo/Co-op,504 Grand St Unit H34,New York,NY,10002,620000,1,1.0,Lower East Side,,,1929,1,,740,Active,,,https://www.redfin.com/NY/New-York/504-Grand-St-10002/unit-H34/home/45140568,OneKey,H6184110,N,Y,40.7152214,-73.9819469
MLS Listing,,Townhouse,2253 Tiebout Ave,Bronx,NY,10457,485000,3,1.0,Tremont,1526,1375,1901,1,318,,Active,,,https://www.redfin.com/NY/The-Bronx/2253-Tiebout-Ave-10457/home/44716646,REBNY,RLMX-005150031039,N,Y,40.8558128,-73.8979066
MLS Listing,,Condo/Co-op,139 HURON St,Brooklyn,NY,11222,3950000,3,2.5,Greenpoint,2001,5000,1903,1,1974,1810,Active,,,https://www.redfin.com/NY/Brooklyn/139-Huron-St-11222/Ph/home/180464408,REBNY,OLRS-1928252,N,Y,40.7331412,-73.95587
MLS Listing,,Townhouse,979 Metropolitan Ave,Brooklyn,NY,11211,2650000,9,8.0,East Williamsburg,4125,2500,1920,1,642,,Active,,,https://www.redfin.com/NY/Brooklyn/979-Metropolitan-Ave-11211/home/40743731,REBNY,OLRS-0085700,N,Y,40.7146908,-73.9367858
MLS Listing,,Townhouse,257 Powers St,Brooklyn,NY,11211,3395000,13,10.5,East Williamsburg,6089,4115,1920,1,558,,Active,,,https://www.redfin.com/NY/Brooklyn/257-Powers-St-11211/home/40743430,REBNY,OLRS-0085710,N,Y,40.7131398,-73.9397249
MLS Listing,,Condo/Co-op,1020 Park Ave Unit 16A,New York,NY,10028,2950000,3,4.5,Upper East Side,,8551,1963,1,,6221,Active,,,https://www.redfin.com/NY/New-York/1020-Park-Ave-10028/unit-16A/home/178315761,REBNY,RPLU-33421600001,N,Y,40.7797882,-73.9578638
MLS Listing,,Condo/Co-op,358 W 23rd St Unit 1B,New York,NY,10011,600000,0,1.0,Chelsea,437,2469,1850,1,1373,744,Active,,,https://www.redfin.com/NY/New-York/358-W-23rd-St-10011/unit-1B/home/45248727,REBNY,RPLU-33421772193,N,Y,40.7460422,-74.0008882
MLS Listing,,Condo/Co-op,181 E 101st St #707,New York,NY,10029,535000,0,1.0,East Harlem,418,8074,2021,1,1280,379,Active,,,https://www.redfin.com/NY/New-York/181-E-101st-St-10029/unit-707/home/177697663,REBNY,PRCH-3725950,N,Y,40.7887501,-73.9473884
MLS Listing,,Condo/Co-op,846 President St Unit 5-F,Brooklyn,NY,11215,625000,1,1.0,Park Slope,,2083,1875,1,,551,Active,,,https://www.redfin.com/NY/Brooklyn/846-President-St-11215/unit-5F/home/40681751,REBNY,OLRS-773054,N,Y,40.6733141,-73.9749411
MLS Listing,,Condo/Co-op,627 HALSEY St #4,Brooklyn,NY,11233,895000,2,2.0,Stuyvesant Heights,862,1800,2019,1,1038,490,Active,January-8-2023 11:00 AM,January-8-2023 12:00 PM,https://www.redfin.com/NY/Brooklyn/627-Halsey-St-11233/unit-4/home/177277743,REBNY,RPLU-33421455616,N,Y,40.6846389,-73.9272115
MLS Listing,,Condo/Co-op,160 Bleecker St Unit 3KW,New York,NY,10012,455000,0,1.0,New York,,,,1,,777,Active,,,https://www.redfin.com/NY/New-York/160-Bleecker-St-10012/unit-3KW/home/175700383,OneKey,H6179773,N,Y,40.7284664,-74.0002081
MLS Listing,,Condo/Co-op,250 E 87th St Unit 7-J,New York,NY,10128,590000,1,1.0,Yorkville,,25177,1971,1,,1129,Active,,,https://www.redfin.com/NY/New-York/250-E-87th-St-10128/unit-7-J/home/181512768,REBNY,OLRS-1996830,N,Y,40.7785165,-73.9517317
MLS Listing,,Condo/Co-op,3215 Avenue H Unit 12G,Brooklyn,NY,11210,329000,1,1.0,Flatbush,,30135,1963,1,,689,Active,January-7-2023 12:00 PM,January-7-2023 03:00 PM,https://www.redfin.com/NY/Brooklyn/3215-Avenue-H-11210/unit-12G/home/63687735,REBNY,PRCH-3854445,N,Y,40.6320616,-73.9452586
MLS Listing,,Condo/Co-op,83-40 Austin St Unit 1A,Kew Gardens,NY,11415,160000,0,1.0,Texas,450,,1956,1,356,465,Active,,,https://www.redfin.com/NY/Queens/83-40-Austin-St-11415/unit-1A/home/180783149,OneKey,3420448,N,Y,40.7083799,-73.8290102
MLS Listing,,Condo/Co-op,130 8th Ave Unit 4B,Brooklyn,NY,11215,699000,1,1.0,Park Slope,710,11800,1950,1,985,1300,Active,January-8-2023 02:00 PM,January-8-2023 03:30 PM,https://www.redfin.com/NY/Brooklyn/130-8th-Ave-11215/unit-4B/home/40663180,REBNY,RPLU-33422015700,N,Y,40.6721573,-73.9741415
MLS Listing,,Multi-Family (2-4 Unit),43-04 60th St,Woodside,NY,11377,1549000,6,5.0,Woodside,2992,2642,1935,1,518,,Active,,,https://www.redfin.com/NY/Queens/43-04-60th-St-11377/home/20934282,OneKey,3450507,N,Y,40.742631025,-73.904352
MLS Listing,,Multi-Family (2-4 Unit),69-28 Gouverneur Ave,Arverne,NY,11692,609999,5,2.0,Arverne,,3000,1930,1,,,Active,,,https://www.redfin.com/NY/Far-Rockaway/69-28-Gouverneur-Ave-11692/home/20669923,OneKey,3450510,N,Y,40.5935502,-73.7997218
MLS Listing,,Multi-Family (2-4 Unit),1497 E 34th St,Brooklyn,NY,11234,1490000,7,3.0,Brooklyn,3455,2450,1940,1,431,,Active,,,https://www.redfin.com/NY/Brooklyn/1497-E-34th-St-11234/home/40873225,BNYMLS,470807,N,Y,40.6184743,-73.94116
MLS Listing,,Multi-Family (2-4 Unit),4111 8th Ave,Brooklyn,NY,11232,2499000,6,2.0,Brooklyn,3300,2000,1912,1,757,,Active,,,https://www.redfin.com/NY/Brooklyn/4111-8th-Ave-11232/home/171331788,BNYMLS,470808,N,Y,40.6458011,-73.9985898
MLS Listing,,Single Family Residential,71 Regal Walk #108,Staten Island,NY,10303,475000,2,2.0,Graniteville,1609,1230,1987,1,295,275,Active,,,https://www.redfin.com/NY/Staten-Island/71-Regal-Walk-10303/unit-108/home/56108461,SIBORMLS,1159391,N,Y,40.6211856,-74.1662601
MLS Listing,,Single Family Residential,6034 Huxley Ave,Bronx,NY,10471,888800,3,1.5,BRONX,2200,1750,1930,1,404,,Active,,,https://www.redfin.com/NY/The-Bronx/6034-Huxley-Ave-10471/home/44798707,OneKey,H6224471,N,Y,40.908537,-73.8977923
MLS Listing,,Single Family Residential,3822 Atlantic Ave,Brooklyn,NY,11224,1150000,3,3.0,Brooklyn,1496,3000,1965,1,769,,Active,,,https://www.redfin.com/NY/Brooklyn/3822-Atlantic-Ave-11224/home/40852129,BNYMLS,470823,N,Y,40.5735856,-74.0053347
MLS Listing,,Condo/Co-op,480 Riverdale Ave Unit 2J,Yonkers,NY,10705,189900,2,1.0,Valentine Manor,900,,1958,1,211,715,Active,,,https://www.redfin.com/NY/Yonkers/480-Riverdale-Ave-10705/unit-2J/home/183645554,OneKey,H6225504,N,Y,40.9155101,-73.9017689
MLS Listing,,Single Family Residential,21 Thelma Ct,Staten Island,NY,10304,360000,2,1.0,Stapleton,768,800,1990,1,469,,Active,,,https://www.redfin.com/NY/Staten-Island/21-Thelma-Ct-10304/home/56048770,SIBORMLS,1159390,N,Y,40.6212576,-74.0782616
MLS Listing,,Condo/Co-op,39-65 52 St Unit 2W,Woodside,NY,11377,479000,2,1.5,Berkley Tower,860,,1960,1,557,612,Active,,,https://www.redfin.com/NY/Queens/39-65-52nd-St-11377/unit-2-W/home/176162189,OneKey,3450497,N,Y,40.7468106,-73.9119663
MLS Listing,,Condo/Co-op,175 W 13th St Unit 7G,New York,NY,10011,580000,0,1.0,Greenwich Village,,8883,1962,1,,1270,Active,,,https://www.redfin.com/NY/New-York/175-W-13th-St-10011/unit-7G/home/45143189,REBNY,RPLU-33422218422,N,Y,40.737865,-73.999846
MLS Listing,,Condo/Co-op,123-40 83rd Ave Unit 3D,Kew Gardens,NY,11415,349000,2,1.0,Park Chateau,906,,1960,1,385,992,Active,January-8-2023 01:00 PM,January-8-2023 02:30 PM,https://www.redfin.com/NY/Queens/12340-83rd-Ave-11415/unit-3D/home/180658042,OneKey,3450492,N,Y,40.7112411,-73.826808
MLS Listing,,Multi-Family (2-4 Unit),1498 E 13th St,Brooklyn,NY,11230,1600000,6,2.0,Brooklyn,,2000,1925,1,,,Active,,,https://www.redfin.com/NY/Brooklyn/1498-E-13th-St-11230/home/183644346,BNYMLS,470843,N,Y,40.612754,-73.9609385
MLS Listing,,Condo/Co-op,28 Holiday Way #48,Staten Island,NY,10314,418700,2,1.5,Holiday Villa I,851,,1986,1,492,262,Active,,,https://www.redfin.com/NY/Staten-Island/28-Holiday-Way-10314/unit-48/home/183640466,OneKey,H6225501,N,Y,40.6209236,-74.1509828
MLS Listing,,Single Family Residential,26 Legate Ave,Staten Island,NY,10312,450000,2,1.5,Annandale,1890,1092,1990,1,238,70,Active,,,https://www.redfin.com/NY/Staten-Island/26-Legate-Ave-10312/home/56083504,SIBORMLS,1159389,N,Y,40.5539993,-74.1866677
MLS Listing,,Multi-Family (2-4 Unit),603 QUINCY St,Brooklyn,NY,11221,1799000,5,3.0,Stuyvesant Heights,2700,2000,1899,1,666,,Active,,,https://www.redfin.com/NY/Brooklyn/603-Quincy-St-11221/home/40720528,REBNY,OLRS-0089240,N,Y,40.6889592,-73.9350364
MLS Listing,,Condo/Co-op,5700 Arlington Ave Unit 2M/2N,Bronx,NY,10471,499000,3,2.0,Skyview On Hudson,1200,,1961,1,416,1344,Active,,,https://www.redfin.com/NY/The-Bronx/5700-Arlington-Ave-10471/unit-2M/home/44800470,OneKey,H6225498,N,Y,40.90707,-73.906393
MLS Listing,,Condo/Co-op,800 W End Ave Unit 10A,New York,NY,10025,2995000,3,3.0,Upper West Side,,13458,1925,1,,3871,Active,January-8-2023 01:00 PM,January-8-2023 02:30 PM,https://www.redfin.com/NY/New-York/800-W-End-Ave-10025/unit-10A/home/45199567,REBNY,RPLU-403622218554,N,Y,40.7969652,-73.971662
MLS Listing,,Condo/Co-op,75-34 Bell Blvd Unit 3D,Bayside,NY,11364,449000,2,2.0,Windsor Oak,1200,,1950,1,374,1272,Active,,,https://www.redfin.com/NY/Oakland-Gardens/75-34-Bell-Blvd-11364/unit-3D/home/108534758,OneKey,3449167,N,Y,40.7365511,-73.7584564
MLS Listing,,Condo/Co-op,94-11 59th Ave Unit C3,Elmhurst,NY,11373,445000,2,1.0,The Edwardian,950,,1964,1,468,946,Active,,,https://www.redfin.com/NY/Elmhurst/94-11-59th-Ave-11373/unit-C3/home/143743731,OneKey,3450429,N,Y,40.73526,-73.8666067
MLS Listing,,Condo/Co-op,33-25 92nd St Unit 1B,Jackson Heights,NY,11372,285000,1,1.0,Southridge Section 1,,,1958,1,,717,Active,,,https://www.redfin.com/NY/Jackson-Heights/33-25-92nd-St-11372/unit-1B/home/20660734,OneKey,3449631,N,Y,40.7555675,-73.8757501
MLS Listing,,Condo/Co-op,144-19 78th. Rd Unit 3F,Flushing,NY,11367,259888,2,1.0,Kew Terrace,633,,1945,1,411,694,Active,January-7-2023 11:00 AM,January-7-2023 01:00 PM,https://www.redfin.com/NY/Flushing/14419-78th-Rd-11367/unit-3F/home/40468366,OneKey,3449865,N,Y,40.71999,-73.81715
MLS Listing,,Multi-Family (2-4 Unit),2031 Strang Ave,Bronx,NY,10466,760000,6,3.0,BRONX,,2458,1950,1,,,Active,,,https://www.redfin.com/NY/The-Bronx/2031-Strang-Ave-10466/home/44794766,OneKey,3450380,N,Y,40.8906748,-73.8414458
MLS Listing,,Multi-Family (5+ Unit),96-98 Baltic St,Brooklyn,NY,11201,7500000,4,16.0,Cobble Hill,12000,5242,1900,1,625,,Active,,,https://www.redfin.com/NY/Brooklyn/9698-Baltic-St-11201/home/183640146,SIBORMLS,1159388,N,Y,40.688108,-74.000693
MLS Listing,,Condo/Co-op,107-24 71st Rd Ph 1A,Queens,NY,11375,1150000,2,2.0,Forest Hills,983,27425,2005,1,1170,1061,Active,,,https://www.redfin.com/NY/Queens/10724-71st-Rd-11375/unit-1A/home/20663088,REBNY,RPLU-33422220436,N,Y,40.7202429,-73.8430513
MLS Listing,,Condo/Co-op,71-36 110 St Unit 1H,Forest Hills,NY,11375,325000,1,1.0,Gregory House,,,1955,1,,800,Active,,,https://www.redfin.com/NY/Forest-Hills/7136-110th-St-11375/unit-1H/home/170374012,OneKey,3450482,N,Y,40.7213885,-73.8412939
MLS Listing,,Single Family Residential,132 Montreal Ave,Staten Island,NY,10306,475000,3,1.5,Staten Island,1384,2500,1965,1,343,,Active,,,https://www.redfin.com/NY/Staten-Island/132-Montreal-Ave-10306/home/56054897,OneKey,3450474,N,Y,40.5624667,-74.1314373
MLS Listing,,Multi-Family (2-4 Unit),110 S 10th Ave,Mount Vernon,NY,10550,549999,5,3.0,Mount Vernon,,5227,1930,1,,,Active,,,https://www.redfin.com/NY/Mt-Vernon/110-S-Tenth-Ave-10550/home/20211348,OneKey,3450470,N,Y,40.9073997,-73.8418604
MLS Listing,,Condo/Co-op,,Queens,NY,11101,1300000,2,2.0,Hunters Point,1026,2500,1910,1,1267,835,Active,,,https://www.redfin.com/NY/Queens/Undisclosed-address-11101/home/183638990,REBNY,OLRS-00011926884,N,Y,40.7478785,-73.9444755
MLS Listing,,Condo/Co-op,,New York,NY,10036,1750000,1,1.0,Hells Kitchen,701,54647,2017,1,2496,1102,Active,,,https://www.redfin.com/NY/New-York/Undisclosed-address-10036/home/115300893,REBNY,OLRS-00011914890,N,Y,40.7593086,-73.9950519
MLS Listing,,Condo/Co-op,,Queens,NY,11101,2957393,2,2.0,Hunters Point,969,2500,1910,1,3052,789,Active,,,https://www.redfin.com/NY/Queens/Undisclosed-address-11101/home/175023732,REBNY,OLRS-00011934324,N,Y,40.7478709,-73.9444798
MLS Listing,,Multi-Family (2-4 Unit),1432 Minford Pl,Bronx,NY,10460,850000,6,4.0,BRONX,1886,2500,1920,1,451,,Active,,,https://www.redfin.com/NY/The-Bronx/1432-Minford-Pl-10460/home/44727066,OneKey,H6224413,N,Y,40.8332119,-73.8910985
MLS Listing,,Condo/Co-op,567 Ocean Ave Unit TH-2,Brooklyn,NY,11226,850000,1,1.5,Flatbush,,6600,2020,1,,990,Active,,,https://www.redfin.com/NY/Brooklyn/567-Ocean-Ave-11226/unit-TH2/home/172273712,REBNY,OLRS-00011966341,N,Y,40.6489701,-73.9603359
MLS Listing,,Condo/Co-op,,New York,NY,10036,2250000,2,1.5,Hells Kitchen,845,54647,2017,1,2663,1271,Active,,,https://www.redfin.com/NY/New-York/Undisclosed-address-10036/home/148049826,REBNY,OLRS-00011950430,N,Y,40.7590905,-73.9948511
MLS Listing,,Condo/Co-op,460 W 42nd St Ph -3G,New York,NY,10036,2250000,1,1.0,Hells Kitchen,782,54647,2017,1,2877,1306,Active,,,https://www.redfin.com/NY/New-York/460-W-42nd-St-10036/unit-3G/home/176875041,REBNY,OLRS-00011959989,N,Y,40.7590258,-73.9944819
MLS Listing,,Condo/Co-op,460 W 42nd St Ph -4M,New York,NY,10036,3250000,2,2.0,Hells Kitchen,1198,54647,2017,1,2713,1971,Active,,,https://www.redfin.com/NY/New-York/460-W-42nd-St-10036/unit-4M/home/177807192,REBNY,OLRS-00011881158,N,Y,40.7590258,-73.9944819
MLS Listing,,Condo/Co-op,,New York,NY,10036,3600000,2,2.0,Hells Kitchen,1198,54647,2017,1,3005,1856,Active,,,https://www.redfin.com/NY/New-York/Undisclosed-address-10036/home/175637476,REBNY,OLRS-00011897434,N,Y,40.7590258,-73.9944819
MLS Listing,,Condo/Co-op,,Brooklyn,NY,11226,400000,0,1.0,Flatbush,,6600,2020,1,,246,Active,,,https://www.redfin.com/NY/Brooklyn/Undisclosed-address-11226/home/175809504,REBNY,OLRS-00011948541,N,Y,40.6489701,-73.9603359
MLS Listing,,Condo/Co-op,,New York,NY,10036,2250000,1,2.0,Hells Kitchen,845,54647,2017,1,2663,1334,Active,,,https://www.redfin.com/NY/New-York/Undisclosed-address-10036/home/144771762,REBNY,OLRS-00011881009,N,Y,40.7593086,-73.9950519
MLS Listing,,Condo/Co-op,460 W 42nd St Ph -3B,New York,NY,10036,4350000,2,2.5,Hells Kitchen,1480,54647,2017,1,2939,2505,Active,,,https://www.redfin.com/NY/New-York/460-W-42nd-St-10036/unit-3B/home/177807187,REBNY,OLRS-00011887378,N,Y,40.7590258,-73.9944819
MLS Listing,,Condo/Co-op,460 W 42nd St Ph -1F,New York,NY,10036,3250000,1,2.0,Hells Kitchen,1064,54647,2017,1,3055,1755,Active,,,https://www.redfin.com/NY/New-York/460-W-42nd-St-10036/unit-1F/home/176876717,REBNY,OLRS-00011959993,N,Y,40.7590258,-73.9944819
MLS Listing,,Condo/Co-op,,New York,NY,10036,1850000,1,1.0,Hells Kitchen,608,54647,2017,1,3043,1006,Active,,,https://www.redfin.com/NY/New-York/Undisclosed-address-10036/home/115300908,REBNY,OLRS-00011956368,N,Y,40.7593086,-73.9950519
MLS Listing,,Single Family Residential,135-28 122nd St,South Ozone Park,NY,11420,879000,4,2.0,South Ozone Park,,4000,1945,1,,,Active,,,https://www.redfin.com/NY/Jamaica/135-28-122nd-St-11420/home/20715855,OneKey,3450460,N,Y,40.6692406,-73.8186412
MLS Listing,,Multi-Family (2-4 Unit),202-02 109th Ave,Jamaica,NY,11412,750000,5,2.0,Jamaica,,2129,1948,1,,,Active,,,https://www.redfin.com/NY/Queens/202-02-109th-Ave-11412/home/20639423,OneKey,3450458,N,Y,40.7076586,-73.7560909
MLS Listing,,Multi-Family (2-4 Unit),104-53 91 St. Ave,Richmond Hill,NY,11418,1139000,6,4.5,Richmond Hill,,3500,1930,1,,,Active,January-8-2023 01:00 PM,January-8-2023 03:00 PM,https://www.redfin.com/NY/Jamaica/104-53-91st-Ave-11418/home/20774615,OneKey,3450453,N,Y,40.6929858,-73.8402293
MLS Listing,,Condo/Co-op,245 E 24th St Unit 2C,New York,NY,10010,720000,0,1.0,Kips Bay,550,9636,1961,1,1309,1032,Active,,,https://www.redfin.com/NY/New-York/245-E-24th-St-10010/unit-2C/home/169013493,REBNY,RLMX-86102,N,Y,40.7388152,-73.9806852
MLS Listing,,Condo/Co-op,3840 Greystone Ave Unit 3L,Bronx,NY,10463,315000,2,1.0,Greystone Park,1050,,1951,1,300,945,Active,,,https://www.redfin.com/NY/The-Bronx/3840-Greystone-Ave-10463/unit-3L/home/44764627,OneKey,H6225426,N,Y,40.8883114,-73.9045294
MLS Listing,,Condo/Co-op,39-30 52nd St Unit 5G,Woodside,NY,11377,385000,1,1.0,51st/52nd Streets Corp,,,1951,1,,667,Active,,,https://www.redfin.com/NY/Woodside/39-30-52nd-St-11377/unit-5G/home/183633626,OneKey,3450447,N,Y,40.7479706,-73.9122419
MLS Listing,,Single Family Residential,19 Warwick Ave,Douglaston,NY,11363,1850000,4,3.5,Douglaston Manor,3300,12000,1925,1,561,,Active,,,https://www.redfin.com/NY/Flushing/19-Warwick-Ave-11363/home/20804834,OneKey,3450445,N,Y,40.7788449,-73.752818
MLS Listing,,Single Family Residential,150-30 116th Rd,Jamaica,NY,11434,599900,3,3.0,Jamaica,,2000,1925,1,,,Active,January-8-2023 01:30 PM,January-8-2023 03:00 PM,https://www.redfin.com/NY/Jamaica/150-30-116th-Rd-11434/home/20708632,OneKey,3450440,N,Y,40.682055,-73.791329
MLS Listing,,Multi-Family (2-4 Unit),318 80th St,Brooklyn,NY,11209,1399000,11,6.0,Brooklyn,4920,2187,1931,1,284,,Active,,,https://www.redfin.com/NY/Brooklyn/318-80th-St-11209/home/40816726,BNYMLS,470841,N,Y,40.6275295,-74.0286775
MLS Listing,,Multi-Family (2-4 Unit),107-36 Waltham St,Jamaica,NY,11435,1100000,5,5.0,Jamaica,,2500,2022,1,,,Active,January-8-2023 03:00 PM,January-8-2023 04:30 PM,https://www.redfin.com/NY/Jamaica/107-36-Waltham-St-11435/home/23178959,OneKey,3450435,N,Y,40.692519,-73.801489
MLS Listing,,Condo/Co-op,308 N 7th St Unit GARDEN,Brooklyn,NY,11211,1850000,2,2.0,Williamsburg,998,13800,2018,1,1854,1280,Active,January-8-2023 11:00 AM,January-8-2023 02:00 PM,https://www.redfin.com/NY/Brooklyn/308-N-7th-St-11211/unit-GARDEN/home/148188450,REBNY,OLRS-1795688,N,Y,40.7149053,-73.9531381
MLS Listing,,Condo/Co-op,247 W 46th St #2801,New York,NY,10036,1250000,1,1.5,Theater District,988,14552,2007,1,1265,1031,Active,,,https://www.redfin.com/NY/New-York/247-W-46th-St-10036/unit-2801/home/45222674,REBNY,OLRS-0001413311,N,Y,40.7598688,-73.9876208
MLS Listing,,Condo/Co-op,66 Madison Ave,New York,NY,10016,2500000,1,2.0,NoMad,,11968,1917,1,,3216,Active,,,https://www.redfin.com/NY/New-York/66-Madison-Ave-10016/home/45251745,REBNY,OLRS-0001819666,N,Y,40.7437464,-73.9863775
MLS Listing,,Multi-Family (2-4 Unit),345 Schenck Ave,Cypress Hills,NY,11207,1045000,6,4.0,Cypress Hills,,2500,1899,1,,,Active,January-8-2023 11:30 AM,January-8-2023 01:00 PM,https://www.redfin.com/NY/Brooklyn/345-Schenck-Ave-11207/home/40759906,OneKey,3450431,N,Y,40.6724089,-73.8881805
MLS Listing,,Condo/Co-op,125 W 21st St Unit 2-C,New York,NY,10011,950000,0,1.0,Chelsea,605,9472,2006,1,1570,708,Active,,,https://www.redfin.com/NY/New-York/125-W-21st-St-10011/unit-2C/home/45205350,REBNY,OLRS-1967807,N,Y,40.7421908,-73.994695
MLS Listing,,Condo/Co-op,132 E 72nd St Unit 8THFL,New York,NY,10021,2750000,3,2.5,Lenox Hill,,4087,1925,1,,9580,Active,,,https://www.redfin.com/NY/New-York/132-E-72nd-St-10021/unit-8THFL/home/145245990,REBNY,RPLU-21922212274,N,Y,40.7703795,-73.9627382
MLS Listing,,Condo/Co-op,362 W 127th St Unit 2A,New York,NY,10027,469000,0,1.0,Harlem,,2498,2016,1,,277,Active,,,https://www.redfin.com/NY/New-York/362-W-127th-St-10027/unit-2A/home/114495134,REBNY,RLMX-86100,N,Y,40.8121684,-73.9523535
MLS Listing,,Condo/Co-op,411 E 53rd St Unit 6G,New York,NY,10022,975000,1,1.0,Sutton,850,17473,1959,1,1147,775,Active,January-8-2023 11:00 AM,January-8-2023 12:00 PM,https://www.redfin.com/NY/New-York/411-E-53rd-St-10022/unit-6G/home/45282129,REBNY,PRCH-5085492,N,Y,40.7557019,-73.9641351
MLS Listing,,Condo/Co-op,131 E 81st St #10,New York,NY,10028,1750000,2,2.0,Upper East Side,1350,1879,1982,1,1296,3024,Active,,,https://www.redfin.com/NY/New-York/131-E-81st-St-10028/unit-10/home/63689803,REBNY,RPLU-33422211691,N,Y,40.7764795,-73.9581251
MLS Listing,,Condo/Co-op,385 First Ave Unit 10-H,New York,NY,10010,995000,1,1.0,Gramercy,748,9875,2016,1,1330,995,Active,,,https://www.redfin.com/NY/New-York/385-1st-Ave-10010/unit-10H/home/143436090,REBNY,OLRS-00011553781,N,Y,40.7366628,-73.9790106
MLS Listing,,Condo/Co-op,124 E 79th St Unit 2-B,New York,NY,10075,850000,1,1.5,Upper East Side,800,6743,1986,1,1063,1759,Active,,,https://www.redfin.com/NY/New-York/124-E-79th-St-10075/unit-2B/home/45285439,REBNY,OLRS-2016357,N,Y,40.7750417,-73.9597079
MLS Listing,,Condo/Co-op,66 Washington Ave Unit 6R,Brooklyn,NY,11205,850000,2,1.0,Clinton Hill,809,4000,1930,1,1051,370,Active,,,https://www.redfin.com/NY/Brooklyn/66-Washington-Ave-11205/unit-6R/home/59293831,REBNY,RPLU-33422212312,N,Y,40.6967171,-73.9678593
MLS Listing,,Condo/Co-op,251 Pacific St #8,Brooklyn,NY,11201,525000,1,1.0,Cobble Hill,,5000,1914,1,,665,Active,,,https://www.redfin.com/NY/Brooklyn/251-Pacific-St-11201/unit-8/home/40666035,REBNY,PRCH-5085652,N,Y,40.6885654,-73.9905096
MLS Listing,,Condo/Co-op,372 Dekalb Ave Unit 6-K,Brooklyn,NY,11205,1250000,1,2.0,Clinton Hill,1100,23000,1913,1,1136,1591,Active,January-8-2023 12:30 PM,January-8-2023 02:30 PM,https://www.redfin.com/NY/Brooklyn/372-DeKalb-Ave-11205/unit-6K/home/40926235,REBNY,OLRS-244488,N,Y,40.6898733,-73.962846
MLS Listing,,Condo/Co-op,61 W 62nd St Unit 22/H,New York,NY,10023,699000,1,1.0,Lincoln Square,,16535,1981,1,,2252,Active,January-4-2023 11:30 AM,January-4-2023 01:30 PM,https://www.redfin.com/NY/New-York/61-W-62nd-St-10023/unit-22H/home/144129961,REBNY,RPLU-33422218789,N,Y,40.771079,-73.9827734
MLS Listing,,Townhouse,525 E 3rd St,Brooklyn,NY,11218,1995000,4,2.0,Kensington / Ocean Pkwy,1700,5000,1925,1,1174,,Active,January-8-2023 02:00 PM,January-8-2023 03:30 PM,https://www.redfin.com/NY/Brooklyn/525-E-3rd-St-11218/home/40794285,REBNY,OLRS-0043004,N,Y,40.6392786,-73.9763225
MLS Listing,,Condo/Co-op,117 E 57th St Unit 41F,New York,NY,10022,752400,0,1.0,Midtown Central,513,17272,1976,1,1467,909,Active,January-8-2023 12:00 PM,January-8-2023 01:00 PM,https://www.redfin.com/NY/New-York/117-E-57th-St-10022/unit-41F/home/45278158,REBNY,RLMX-86080,N,Y,40.7615277,-73.9698343
MLS Listing,,Condo/Co-op,37-26 32nd St Unit 6-L,Queens,NY,11101,570000,0,1.0,Long Island City,429,16872,2022,1,1329,294,Active,,,https://www.redfin.com/NY/Queens/37-26-32nd-St-11101/unit-6-L/home/183633294,REBNY,OLRS-2016126,N,Y,40.753836,-73.9310503
MLS Listing,,Condo/Co-op,41-05 29 St Unit 16-C,Queens,NY,11101,1310000,2,2.0,Long Island City,,2250,1931,1,,905,Active,,,https://www.redfin.com/NY/Long-Island-City/41-05-29th-St-11101/unit-16-C/home/183633293,REBNY,OLRS-2016317,N,Y,40.7507843,-73.9367858
MLS Listing,,Condo/Co-op,580 Carroll St Unit 4C,Brooklyn,NY,11215,1600000,2,2.0,Park Slope,1275,10174,2009,1,1255,839,Active,January-8-2023 12:00 PM,January-8-2023 01:30 PM,https://www.redfin.com/NY/Brooklyn/580-Carroll-St-11215/unit-4C/home/40922072,REBNY,RPLU-33422192233,N,Y,40.675727,-73.9830132
MLS Listing,,Condo/Co-op,16 W 16th St Unit 10LN,New York,NY,10011,965000,1,1.0,Flatiron,,45223,1960,1,,1251,Active,January-8-2023 01:30 PM,January-8-2023 03:00 PM,https://www.redfin.com/NY/New-York/16-W-16th-St-10011/unit-10LN/home/45174837,REBNY,PRCH-4280952,N,Y,40.7375086,-73.9937004
MLS Listing,,Condo/Co-op,37-26 32nd St Unit 3-G,Queens,NY,11101,730000,1,1.0,Long Island City,,16872,2022,1,,397,Active,,,https://www.redfin.com/NY/Queens/37-26-32nd-St-11101/unit-3-G/home/183633291,REBNY,OLRS-2016145,N,Y,40.753836,-73.9310503
MLS Listing,,Condo/Co-op,420 Riverside Dr Unit 9-D,New York,NY,10025,1475000,2,1.5,Morningside Heights,1135,17490,1905,1,1300,1729,Active,,,https://www.redfin.com/NY/New-York/420-Riverside-Dr-10025/unit-9D/home/45164285,REBNY,OLRS-99153,N,Y,40.8075829,-73.9663347
MLS Listing,,Condo/Co-op,41-05 29 St Unit 15-D,Queens,NY,11101,1180000,2,2.0,Long Island City,868,2250,1931,1,1359,827,Active,,,https://www.redfin.com/NY/Long-Island-City/41-05-29th-St-11101/unit-15-D/home/183633290,REBNY,OLRS-2016326,N,Y,40.7507843,-73.9367858
MLS Listing,,Condo/Co-op,37-26 32nd St Unit 5-K,Queens,NY,11101,620000,0,1.0,Long Island City,441,16872,2022,1,1406,302,Active,,,https://www.redfin.com/NY/Queens/37-26-32nd-St-11101/unit-5-K/home/183633289,REBNY,OLRS-2016130,N,Y,40.753836,-73.9310503
MLS Listing,,Condo/Co-op,309 E 87th St Unit 5-M,New York,NY,10128,585000,1,1.0,Yorkville,,23463,1952,1,,1525,Active,,,https://www.redfin.com/NY/New-York/309-E-87th-St-10128/unit-5-M/home/179468447,REBNY,OLRS-2016373,N,Y,40.7783276,-73.9501722
MLS Listing,,Condo/Co-op,70 Park Ter E Unit 4-A,New York,NY,10034,248800,0,1.0,Inwood,550,21750,1950,1,452,511,Active,,,https://www.redfin.com/NY/New-York/70-Park-Ter-E-10034/unit-4A/home/45186979,REBNY,OLRS-2015847,N,Y,40.8706218,-73.9161026
MLS Listing,,Multi-Family (2-4 Unit),1306 Dean St,Brooklyn,NY,11216,2100000,,,Crown Heights,,2288,1893,1,,,Active,,,https://www.redfin.com/NY/Brooklyn/1306-Dean-St-11216/home/40707984,REBNY,RPLU-33422130017,N,Y,40.6764862,-73.9457387
MLS Listing,,Condo/Co-op,3135 Johnson Ave Unit 9B,Bronx,NY,10463,499000,2,2.0,Spuyten Duyvil,1200,86400,1960,1,416,1467,Active,January-8-2023 12:00 PM,January-8-2023 02:00 PM,https://www.redfin.com/NY/The-Bronx/3135-Johnson-Ave-10463/unit-9B/home/183633286,REBNY,RPLU-33422217595,N,Y,40.8828679,-73.9112962
MLS Listing,,Condo/Co-op,124 E 79th St Unit 2-A,New York,NY,10075,649000,0,1.0,Upper East Side,348,6743,1986,1,1865,1119,Active,,,https://www.redfin.com/NY/New-York/124-E-79th-St-10075/unit-2A/home/45285341,REBNY,OLRS-2016358,N,Y,40.7750417,-73.9597079
MLS Listing,,Condo/Co-op,27 E 65th St Unit 7C,New York,NY,10065,499000,1,1.0,Lenox Hill,,10845,1959,1,,1708,Active,,,https://www.redfin.com/NY/New-York/27-E-65th-St-10065/unit-7C/home/53324731,REBNY,RPLU-33422217503,N,Y,40.7673406,-73.9683647
MLS Listing,,Condo/Co-op,627 Wilson Ave #2,Brooklyn,NY,11207,750000,2,1.5,Bushwick,,2600,1907,1,,407,Active,,,https://www.redfin.com/NY/Brooklyn/627-Wilson-Ave-11207/unit-2/home/177026666,REBNY,RPLU-33422199765,N,Y,40.6898524,-73.9061894
MLS Listing,,Condo/Co-op,205 W End Ave Unit 6-V,New York,NY,10023,829000,1,1.0,Lincoln Square,,90575,1959,1,,1746,Active,January-8-2023 11:00 AM,January-8-2023 12:00 PM,https://www.redfin.com/NY/New-York/205-W-End-Ave-10023/unit-6V/home/173152682,REBNY,OLRS-2016341,N,Y,40.778545,-73.9864464
MLS Listing,,Condo/Co-op,124 E 79th St Unit 2-AB,New York,NY,10075,1350000,3,2.5,Upper East Side,1150,6743,1986,1,1174,2879,Active,,,https://www.redfin.com/NY/New-York/124-E-79th-St-10075/unit-2-AB/home/183633284,REBNY,OLRS-2016366,N,Y,40.7750417,-73.9597079
MLS Listing,,Condo/Co-op,101 Wooster St #2,New York,NY,10012,7250000,3,2.5,SoHo,3600,4875,1893,1,2014,7350,Active,January-8-2023 11:30 AM,January-8-2023 12:30 PM,https://www.redfin.com/NY/New-York/101-Wooster-St-10012/unit-2/home/146129445,REBNY,RPLU-429722195344,N,Y,40.7246448,-74.0009589
MLS Listing,,Condo/Co-op,2866 Marion Ave Unit 5-C,Bronx,NY,10458,280000,2,1.0,Bedford Park,,14000,1956,1,,1035,Active,January-8-2023 12:00 PM,January-8-2023 01:00 PM,https://www.redfin.com/NY/The-Bronx/2866-Marion-Ave-10458/unit-5C/home/92224825,REBNY,OLRS-00011966426,N,Y,40.8680763,-73.8851803
MLS Listing,,Condo/Co-op,37-26 32nd St Unit 3-H,Queens,NY,11101,695000,1,1.0,Long Island City,632,16872,2022,1,1100,433,Active,,,https://www.redfin.com/NY/Queens/37-26-32nd-St-11101/unit-3-H/home/183633283,REBNY,OLRS-2016140,N,Y,40.753836,-73.9310503
MLS Listing,,Condo/Co-op,235 E 87th St Unit 1B,New York,NY,10128,650000,1,1.0,Yorkville,650,17516,1963,1,1000,1430,Active,,,https://www.redfin.com/NY/New-York/235-E-87th-St-10128/unit-1B/home/45169398,REBNY,RPLU-33422214425,N,Y,40.7790388,-73.9519172
MLS Listing,,Condo/Co-op,84 MESEROLE Ave #2,Brooklyn,NY,11222,2850000,3,2.0,Greenpoint,1657,2500,1899,1,1720,499,Active,,,https://www.redfin.com/NY/Brooklyn/84-Meserole-Ave-11222/unit-2/home/183633282,REBNY,OLRS-2016413,N,Y,40.7265726,-73.9537659
MLS Listing,,Condo/Co-op,377 Rector Pl Unit 24C,New York,NY,10280,1222000,2,1.0,Battery Park,766,16951,1985,1,1595,2450,Active,,,https://www.redfin.com/NY/New-York/377-Rector-Pl-10280/unit-24C/home/45125318,REBNY,RPLU-33422211911,N,Y,40.709734,-74.0178909
MLS Listing,,Condo/Co-op,360 W 22nd St Unit 3-P,New York,NY,10011,469000,0,1.0,Chelsea,,19750,1965,1,,926,Active,,,https://www.redfin.com/NY/New-York/360-W-22nd-St-10011/unit-3-P/home/183633280,REBNY,OLRS-2016389,N,Y,40.7455051,-74.0016003
MLS Listing,,Townhouse,16 DeKoven Ct,Brooklyn,NY,11230,2500000,5,3.5,Ditmas Park,3200,4200,1910,1,781,,Active,January-8-2023 12:00 PM,January-8-2023 01:30 PM,https://www.redfin.com/NY/Brooklyn/16-Dekoven-Ct-11230/home/40789724,REBNY,OLRS-00010085143,N,Y,40.6328573,-73.9632363
MLS Listing,,Condo/Co-op,1635 Lexington Ave Unit 7-F,New York,NY,10030,985000,2,2.0,East Harlem,1120,9500,2013,1,879,417,Active,,,https://www.redfin.com/NY/New-York/1635-Lexington-Ave-10029/unit-7F/home/53396929,REBNY,OLRS-1203086,N,Y,40.7905603,-73.9472333
MLS Listing,,Condo/Co-op,210 Sixth Ave Unit 5H,New York,NY,10014,750000,1,1.0,SoHo,,5812,1928,1,,1311,Active,January-8-2023 01:00 PM,January-8-2023 02:00 PM,https://www.redfin.com/NY/New-York/210-6th-Ave-10014/unit-5H/home/183633278,REBNY,RPLU-33422171827,N,Y,40.7271763,-74.0030659
MLS Listing,,Condo/Co-op,1635 Lexington Ave Unit 3-E,New York,NY,10030,710000,1,1.0,East Harlem,810,9500,2013,1,877,308,Active,January-5-2023 02:15 PM,January-5-2023 02:45 PM,https://www.redfin.com/NY/New-York/1635-Lexington-Ave-10029/unit-3E/home/53396960,REBNY,OLRS-2016414,N,Y,40.7905603,-73.9472333
MLS Listing,,Condo/Co-op,1635 Lexington Ave Unit 7-D,New York,NY,10030,725000,1,1.0,East Harlem,739,9500,2013,1,981,324,Active,January-5-2023 01:30 PM,January-5-2023 02:00 PM,https://www.redfin.com/NY/New-York/1635-Lexington-Ave-10029/unit-7D/home/53396920,REBNY,OLRS-1206270,N,Y,40.7905603,-73.9472333
MLS Listing,,Condo/Co-op,123 Baxter St Unit 5D,New York,NY,10013,2395000,3,3.0,Little Italy,2133,10050,2003,1,1123,3063,Active,January-8-2023 01:00 PM,January-8-2023 02:30 PM,https://www.redfin.com/NY/New-York/123-Baxter-St-10013/unit-5D/home/45205021,REBNY,PRCH-5085880,N,Y,40.7180687,-73.9987505
MLS Listing,,Condo/Co-op,2821 Kings Hwy Unit 4M,Brooklyn,NY,11229,215000,1,1.0,Brooklyn,650,,,1,331,,Active,,,https://www.redfin.com/NY/Brooklyn/2821-Kings-Hwy-11229/unit-4M/home/40926678,BNYMLS,470837,N,Y,40.6155937,-73.9461311
MLS Listing,,Multi-Family (2-4 Unit),145-34 224th St,Springfield Gardens,NY,11413,1050000,6,3.0,Springfield Gardens,,3960,1988,1,,,Active,,,https://www.redfin.com/NY/Springfield-Gardens/145-34-224th-St-11413/home/20688024,OneKey,3450425,N,Y,40.66253,-73.755582
MLS Listing,,Condo/Co-op,139-15 83 Ave #503,Briarwood,NY,11435,299999,2,1.0,Arlington,813,,1958,1,369,979,Active,,,https://www.redfin.com/NY/Queens/139-15-83rd-Ave-11435/unit-503/home/144210979,OneKey,3450421,N,Y,40.7133443,-73.8194372
MLS Listing,,Single Family Residential,67 Gansevoort Blvd,Staten Island,NY,10314,749000,4,1.5,Westerleigh,1955,5850,1935,1,383,,Active,,,https://www.redfin.com/NY/Staten-Island/67-Gansevoort-Blvd-10314/home/56014135,SIBORMLS,1159387,N,Y,40.6108113,-74.1273222
MLS Listing,,Multi-Family (2-4 Unit),8005 13th Ave,Brooklyn,NY,11228,2600000,7,2.5,Brooklyn,3875,6000,1910,1,671,,Active,,,https://www.redfin.com/NY/Brooklyn/8005-13th-Ave-11228/home/40827102,BNYMLS,470825,N,Y,40.6171377,-74.0102719
MLS Listing,,Condo/Co-op,42-55 Colden St Unit 2F,Flushing,NY,11355,488000,2,1.0,42-55 Colden Owners Corp,,,1965,1,,793,Active,,,https://www.redfin.com/NY/Queens/42-55-Colden-St-11355/unit-2F/home/20642978,OneKey,3450403,N,Y,40.7533589,-73.8250479
MLS Listing,,Condo/Co-op,240-40 70th Ave Unit 17B,Douglaston,NY,11362,629000,3,2.0,High Point Condo,,125198,1987,1,,665,Active,,,https://www.redfin.com/NY/Little-Neck/240-40-70th-Ave-11362/unit-17B/home/20799697,OneKey,3450397,N,Y,40.7495468,-73.7365604
MLS Listing,,Multi-Family (2-4 Unit),2181 Belmont Ave,,NY,10457,749000,6,2.0,,1428,,2007,1,525,,Pre On-Market,,,https://www.redfin.com/NY/The-Bronx/2181-Belmont-Ave-10457/home/44770998,OneKey,H6225463,N,Y,40.8509301,-73.8885221
MLS Listing,,Multi-Family (2-4 Unit),482 Hancock St,Bedford-stuyvesant,NY,11233,1399000,5,3.0,Bedford-Stuyvesant,,2000,1899,1,,,Active,,,https://www.redfin.com/NY/Brooklyn/482-Hancock-St-11233/home/40722394,OneKey,3450398,N,Y,40.6840158,-73.9359458
MLS Listing,,Condo/Co-op,141-18 Cherry Ave Unit 3H,Flushing,NY,11355,519000,1,1.0,Cherry Manor,555,11500,2013,1,935,220,Active,,,https://www.redfin.com/NY/Queens/141-18-Cherry-Ave-11355/unit-3H/home/59308161,OneKey,3450393,N,Y,40.7547791,-73.8210707
MLS Listing,,Single Family Residential,94-23 115th St,Richmond Hill South,NY,11419,599000,3,2.0,Richmond Hill South,1149,1578,1920,1,521,,Active,,,https://www.redfin.com/NY/Queens/94-23-115th-St-11419/home/20774261,OneKey,3450392,N,Y,40.6924777,-73.8308214
MLS Listing,,Multi-Family (2-4 Unit),141-16 185th St,Jamaica,NY,11413,1279000,6,4.5,Jamaica,,3800,2022,1,,,Active,January-7-2023 12:00 PM,January-7-2023 02:00 PM,https://www.redfin.com/NY/Jamaica/141-16-185th-St-11413/home/20693819,OneKey,3450394,N,Y,40.670523,-73.7591165
MLS Listing,,Single Family Residential,79-15 149th St,Kew Garden Hills,NY,11367,1250000,4,2.5,Kew Garden Hills,,2465,1950,1,,,Active,,,https://www.redfin.com/NY/Queens/79-15-149th-St-11367/home/20822715,OneKey,3450390,N,Y,40.719306,-73.8138426
MLS Listing,,Single Family Residential,290 Richmond Hill Rd,Staten  Island,NY,10314,520000,2,1.5,Staten  Island,1000,2146,1987,1,520,,Active,,,https://www.redfin.com/NY/Staten-Island/290-Richmond-Hill-Rd-10314/home/56038893,BNYMLS,470831,N,Y,40.5840811,-74.1594227
MLS Listing,,Multi-Family (2-4 Unit),47 Willow Wood Ln,Staten  Island,NY,10308,665000,4,3.0,Staten  Island,,2475,,1,,,Active,January-8-2023 12:00 PM,January-8-2023 02:00 PM,https://www.redfin.com/NY/Staten-Island/47-Willowwood-Ln-10308/home/56126636,BNYMLS,470797,N,Y,40.5591875,-74.1435505
MLS Listing,,Multi-Family (2-4 Unit),41-05 47th St,Sunnyside,NY,11104,1200000,4,2.0,Sunnyside,,1413,1924,1,,,Active,,,https://www.redfin.com/NY/Long-Island-City/41-05-47th-St-11104/home/20960233,OneKey,3450386,N,Y,40.7461823,-73.9169454
MLS Listing,,Single Family Residential,176 Long Pond Ln,Staten Island,NY,10304,499000,2,2.5,Park Hill,924,2533,1991,1,540,,Active,,,https://www.redfin.com/NY/Staten-Island/176-Long-Pond-Ln-10304/home/56041450,SIBORMLS,1159386,N,Y,40.612671,-74.0816104
MLS Listing,,Condo/Co-op,219-47 74th Ave,Bayside,NY,11364,352800,2,1.0,Windsor Oaks,,,1955,1,,1141,Active,,,https://www.redfin.com/NY/Oakland-Gardens/21947-74th-Ave-11364/Lowr/home/20642803,OneKey,3450387,N,Y,40.740442,-73.756007
MLS Listing,,Single Family Residential,80-34 209th St,Hollis Hills,NY,11427,1158000,3,3.0,Hollis Hills,2065,4000,1950,1,561,,Active,,,https://www.redfin.com/NY/Queens/80-34-209th-St-11427/home/20806546,OneKey,3450388,N,Y,40.7320754,-73.7616118
MLS Listing,,Single Family Residential,1470 E 55th St,Brooklyn,NY,11234,789000,3,2.0,Brooklyn,1372,2000,1925,1,575,,Active,,,https://www.redfin.com/NY/Brooklyn/1470-E-55th-St-11234/home/40881659,BNYMLS,470836,N,Y,40.6208167,-73.9224754
MLS Listing,,Single Family Residential,89-19 91st St,Woodhaven,NY,11421,675000,3,1.5,Woodhaven,,2000,1920,1,,,Active,January-8-2023 11:00 AM,January-8-2023 12:30 PM,https://www.redfin.com/NY/Queens/89-19-91st-St-11421/home/20787680,OneKey,3450381,N,Y,40.6901453,-73.8525541
MLS Listing,,Multi-Family (2-4 Unit),169 Pine St,Cypress Hills,NY,11208,839000,5,2.0,Cypress Hills,,2527,1925,1,,,Active,,,https://www.redfin.com/NY/Brooklyn/169-Pine-St-11208/home/40763533,OneKey,3450379,N,Y,40.6825625,-73.8725847
MLS Listing,,Condo/Co-op,2229 Knapp St Unit 5F,Brooklyn,NY,11229,184999,1,1.0,Brooklyn,850,,,1,218,,Active,,,https://www.redfin.com/NY/Brooklyn/2229-Knapp-St-11229/unit-5F/home/171328449,BNYMLS,470835,N,Y,40.5988908,-73.9334675
MLS Listing,,Single Family Residential,115-30 Park Lane South,Kew Gardens,NY,11418,1428000,6,4.0,Kew Gardens,2680,8500,1940,1,533,,Active,,,https://www.redfin.com/NY/Richmond-Hill/11530-Park-Ln-S-11418/home/183632258,OneKey,3450376,N,Y,40.7048564,-73.8373367
MLS Listing,,Single Family Residential,1944 Ryder St,Brooklyn,NY,11234,828000,4,1.5,Brooklyn,1568,2000,1925,1,528,,Active,,,https://www.redfin.com/NY/Brooklyn/1944-Ryder-St-11234/home/40902496,BNYMLS,470833,N,Y,40.6117971,-73.930253
MLS Listing,,Condo/Co-op,112-01 Queens Blvd Unit 17A,Forest Hills,NY,11375,790000,1,1.5,Pinnacle Condominium,908,,1991,1,870,1070,Active,,,https://www.redfin.com/NY/Queens/112-01-Queens-Blvd-11375/unit-17A/home/20916274,OneKey,3450371,N,Y,40.7190009,-73.8365029
MLS Listing,,Condo/Co-op,163D Edgewater Park Unit D,Bronx,NY,10465,469000,3,2.0,Edgewater Park,1612,,,1,291,447,Active,,,https://www.redfin.com/NY/The-Bronx/163D-Edgewater-Park-10465/unit-D/home/183631600,OneKey,H6221726,N,Y,40.8233579,-73.811974
MLS Listing,,Single Family Residential,130 Barwick St,Floral Park,NY,11001,999888,6,4.0,Floral Park,2457,2960,1957,1,407,,Pre On-Market,,,https://www.redfin.com/NY/Floral-Park/130-Barwick-St-11001/home/20554716,OneKey,3450372,N,Y,40.7339682,-73.6988172
MLS Listing,,Condo/Co-op,32-42 89 St Unit C404,East Elmhurst,NY,11369,280000,2,1.0,Northridge Section Iii,,,1952,1,,837,Active,,,https://www.redfin.com/NY/East-Elmhurst/32-42-89th-St-11369/unit-C404/home/170303064,OneKey,3450367,N,Y,40.7568216,-73.8792449
MLS Listing,,Condo/Co-op,151-20 88 St Unit 5C,Howard Beach,NY,11414,245000,2,2.0,Fairfield Arms,1080,,1960,1,227,,Active,January-7-2023 01:00 PM,January-7-2023 03:00 PM,https://www.redfin.com/NY/Jamaica/151-20-88th-St-11414/unit-5C/home/20647877,OneKey,3450360,N,Y,40.6681885,-73.8476496
MLS Listing,,Condo/Co-op,2750 Johnson Ave Unit 6L,Bronx,NY,10463,132000,0,1.0,Johnson Avenue,400,,1964,1,330,510,Active,,,https://www.redfin.com/NY/The-Bronx/2750-Johnson-Ave-10463/unit-6L/home/44763804,OneKey,H6225424,N,Y,40.8801731,-73.91173
MLS Listing,,Condo/Co-op,3333 Henry Hudson Pkwy Unit 22J,Bronx,NY,10463,349999,1,1.0,White Hall Building,1030,,1970,1,340,1733,Active,,,https://www.redfin.com/NY/The-Bronx/3333-Henry-Hudson-Pkwy-10463/unit-22J/home/183631418,OneKey,H6225429,N,Y,40.8855625,-73.9143965
MLS Listing,,Condo/Co-op,2186 Cruger Ave Unit 1E,Bronx,NY,10462,149999,1,1.0,The Sussex,650,,1930,1,231,870,Active,,,https://www.redfin.com/NY/The-Bronx/2186-Cruger-Ave-10462/unit-1E/home/44764609,OneKey,H6225439,N,Y,40.8557919,-73.8663943
MLS Listing,,Condo/Co-op,212-93 16 Ave #194,Bayside,NY,11360,249900,1,1.0,Bay Terrace Gardens,,,1953,1,,624,Active,,,https://www.redfin.com/NY/Bayside/21293-16th-Ave-11360/unit-194/home/180234357,OneKey,3450357,N,Y,40.7852025,-73.778765
MLS Listing,,Multi-Family (2-4 Unit),6314 24th Ave,Brooklyn,NY,11204,2280000,6,4.0,Brooklyn,,2600,,1,,,Active,,,https://www.redfin.com/NY/Brooklyn/6314-24th-Ave-11204/home/40836438,BNYMLS,470828,N,Y,40.6121716,-73.9763684
MLS Listing,,Single Family Residential,30 Caldera Pl,Staten Island,NY,10301,749999,3,2.0,Randall Manor,928,6000,1930,1,808,,Active,,,https://www.redfin.com/NY/Staten-Island/30-Caldera-Pl-10301/home/56030344,SIBORMLS,1159385,N,Y,40.6391217,-74.1005274
MLS Listing,,Multi-Family (2-4 Unit),97 Monticello Ter,Staten  Island,NY,10308,1328000,5,3.5,Staten  Island,2720,4212,2004,1,488,,Active,,,https://www.redfin.com/NY/Staten-Island/97-Monticello-Ter-10308/home/56115742,BNYMLS,470824,N,Y,40.5454486,-74.1478286
MLS Listing,,Multi-Family (2-4 Unit),1519 Zerega Ave,Bronx,NY,10462,949000,7,2.0,BRONX,3000,2500,1901,1,316,,Active,,,https://www.redfin.com/NY/The-Bronx/1519-Zerega-Ave-10462/home/44776798,OneKey,H6225419,N,Y,40.8382478,-73.8491799
MLS Listing,,Condo/Co-op,67-40 Yellowstone Blvd Unit 7D,Forest Hills,NY,11375,549000,2,1.0,The Buchanan,1150,,1950,1,477,1087,Active,,,https://www.redfin.com/NY/Forest-Hills/67-40-Yellowstone-Blvd-11375/unit-7D/home/40508255,OneKey,3450351,N,Y,40.7273127,-73.8492849
MLS Listing,,Condo/Co-op,55 Austin Pl Unit 4c,Staten Island,NY,10301,269000,2,2.5,Silver Lake,1150,1150,1962,1,234,650,Active,,,https://www.redfin.com/NY/Staten-Island/55-Austin-Pl-10304/unit-4C/home/56092215,SIBORMLS,1159384,N,Y,40.631573,-74.0859355
MLS Listing,,Condo/Co-op,64-00 Saunders St Unit 1M,Rego Park,NY,11374,219000,0,1.0,The Cedar,,,1954,1,,387,Active,,,https://www.redfin.com/NY/Queens/6400-Saunders-St-11374/unit-1M/home/23338078,OneKey,3450349,N,Y,40.7286188,-73.8616623
MLS Listing,,Condo/Co-op,85-23 Broadway Unit 5C,Elmhurst,NY,11373,658000,2,2.0,Broadway Tower,,,2009,1,,339,Active,,,https://www.redfin.com/NY/FLUSHING/8523-BROADWAY-11373/unit-5C/home/28685138,OneKey,3450350,N,Y,40.738935,-73.877286
MLS Listing,,Condo/Co-op,47-19 216th St Unit 2D,Bayside,NY,11364,265000,1,1.0,Jeffrey Gardens,650,,1952,1,408,667,Active,January-7-2023 12:00 PM,January-7-2023 01:30 PM,https://www.redfin.com/NY/Bayside/47-19-216th-St-11361/unit-2D/home/63686633,OneKey,3450346,N,Y,40.7568724,-73.7643997
MLS Listing,,Vacant Land,0 Pavillion Hill Ter,Staten Island,NY,10304,299000,0,,St. George,,33796,,1,,,Active,,,https://www.redfin.com/NY/Staten-Island/0-Pavillion-Hill-Ter-10301/home/183348273,SIBORMLS,1159383,N,Y,40.6382136,-74.0787795
MLS Listing,,Multi-Family (2-4 Unit),83 Montgomery Ave,Staten Island,NY,10301,1488000,8,3.0,St. George,4125,2125,2019,1,361,,Active,,,https://www.redfin.com/NY/Staten-Island/83-Montgomery-Ave-10301/home/109611987,SIBORMLS,1159382,N,Y,40.6398559,-74.0780621
MLS Listing,,Multi-Family (2-4 Unit),28-15 50th St,Woodside,NY,11377,1299999,4,2.0,Woodside,,2600,1956,1,,,Active,,,https://www.redfin.com/NY/Queens/28-15-50th-St-11377/home/20950361,OneKey,3450342,N,Y,40.7612084,-73.905964
MLS Listing,,Townhouse,77-79 Montgomery Ave,Staten Island,NY,10301,900000,2,1.0,St. George,1440,4000,1915,1,625,,Active,,,https://www.redfin.com/NY/Staten-Island/7779-Montgomery-Ave-10301/home/179831845,SIBORMLS,1159381,N,Y,40.639976,-74.07809
MLS Listing,,Condo/Co-op,141-10 25th Rd Unit 6D,Flushing,NY,11354,318000,2,1.0,Mitchell Gardens,,,1955,1,,981,Active,,,https://www.redfin.com/NY/Queens/141-10-25th-Rd-11354/unit-6D/home/183630987,OneKey,3450340,N,Y,40.7756728,-73.827111
MLS Listing,,Multi-Family (2-4 Unit),2073 E 67th St,Brooklyn,NY,11234,835000,3,2.0,Brooklyn,1624,2000,1960,1,514,,Active,,,https://www.redfin.com/NY/Brooklyn/2073-E-67th-St-11234/home/40898928,BNYMLS,470509,N,Y,40.6181891,-73.9103029
MLS Listing,,Condo/Co-op,36 Hamilton Ave Unit 2e,Staten Island,NY,10301,299999,1,1.0,St. George,900,900,1963,1,333,747,Active,,,https://www.redfin.com/NY/Staten-Island/36-Hamilton-Ave-10301/unit-2E/home/77420288,SIBORMLS,1159380,N,Y,40.6449121,-74.0787385
MLS Listing,,Condo/Co-op,141-10 28th Ave Unit 5F,Flushing,NY,11354,268000,1,1.0,Mitchell Gardens,,,1955,1,,575,Active,,,https://www.redfin.com/NY/Flushing/141-10-28th-Ave-11354/unit-5F/home/20636739,OneKey,3450336,N,Y,40.772904,-73.8273482
MLS Listing,,Townhouse,1564 84th St,Brooklyn,NY,11228,1199900,3,3.0,Bensonhurst,2650,2080,1955,1,453,,Active,,,https://www.redfin.com/NY/Brooklyn/1564-84th-St-11228/home/40829265,SIBORMLS,1159379,N,Y,40.6115235,-74.0067958
MLS Listing,,Single Family Residential,102 Carroll St,Bronx,NY,10464,565000,2,1.0,BRONX,703,2500,1930,1,804,,Active,,,https://www.redfin.com/NY/The-Bronx/102-Caroll-St-10464/home/44799238,OneKey,H6225363,N,Y,40.8455687,-73.7864978
MLS Listing,,Condo/Co-op,254-53 75th Ave Unit H-2,Glen Oaks,NY,11004,439900,2,1.0,Glen Oaks Village,856,,1950,1,514,898,Active,,,https://www.redfin.com/NY/Glen-Oaks/254-53-75th-Ave-11004/unit-H-2/home/183630824,OneKey,3450329,N,Y,40.7468244,-73.7171669
MLS Listing,,Single Family Residential,68 Bement Ave,Staten Island,NY,10310,575000,3,2.0,West Brighton,1064,3857,1920,1,540,,Active,,,https://www.redfin.com/NY/Staten-Island/68-Bement-Ave-10310/home/56084399,SIBORMLS,1159378,N,Y,40.6410198,-74.1137417
MLS Listing,,Single Family Residential,282 Chester St,Brooklyn,NY,11212,565000,3,2.0,Brooklyn,1116,1800,1986,1,506,,Active,,,https://www.redfin.com/NY/Brooklyn/282-Chester-St-11212/home/40753319,BNYMLS,470822,N,Y,40.6647109,-73.910707
MLS Listing,,Single Family Residential,51 Mary St,Staten Island,NY,10304,369000,3,1.0,Concord,1312,2860,1925,1,281,,Pre On-Market,,,https://www.redfin.com/NY/Staten-Island/51-Mary-St-10304/home/56039600,SIBORMLS,1159377,N,Y,40.6129373,-74.0869335
MLS Listing,,Single Family Residential,7216 Avenue X,Brooklyn,NY,11234,929000,4,2.0,Brooklyn,2100,4000,1970,1,442,,Active,,,https://www.redfin.com/NY/Brooklyn/7216-Avenue-X-11234/home/40900527,BNYMLS,444159,N,Y,40.6154844,-73.900686
MLS Listing,,Multi-Family (2-4 Unit),,Jamaica,NY,11433,749000,4,2.0,Jamaica,,2492,1935,1,,,Active,,,https://www.redfin.com/NY/Queens/Undisclosed-address-11433/home/20756915,OneKey,3450319,N,Y,40.6936998,-73.7856714
MLS Listing,,Multi-Family (2-4 Unit),35-46 100th St,Corona,NY,11368,1550000,7,2.0,Corona,,3125,1910,1,,,Active,,,https://www.redfin.com/NY/Queens/35-46-100th-St-11368/home/20922370,OneKey,3450317,N,Y,40.7528145,-73.8676691
MLS Listing,,Multi-Family (2-4 Unit),229 57th St,Brooklyn,NY,11220,1299900,5,2.5,Brooklyn,2520,2000,1901,1,516,,Active,,,https://www.redfin.com/NY/Brooklyn/229-57th-St-11220/home/40694811,BNYMLS,470820,N,Y,40.6448609,-74.0201221
MLS Listing,,Condo/Co-op,109-18 Lefferts Blvd Unit C2,Jamaica,NY,11420,420000,2,1.0,Lefferts Blvd Condo,,7600,1927,1,,,Active,,,https://www.redfin.com/NY/South-Ozone-Park/10918-Lefferts-Blvd-11420/unit-C2/home/20642156,OneKey,3450314,N,Y,40.681497,-73.822179
MLS Listing,,Condo/Co-op,43-10 Kissena Blvd Unit 10B,Flushing,NY,11355,449000,2,1.0,Carlyle Tower A,1000,,1961,1,449,1064,Active,,,https://www.redfin.com/NY/Queens/4310-Kissena-Blvd-11355/unit-10B/home/144210682,OneKey,3450323,N,Y,40.7551199,-73.8246837
MLS Listing,,Condo/Co-op,137-08 31st Rd Unit 2E,Flushing,NY,11354,628000,2,2.0,Cpre Group Llc,1173,10120,2009,1,535,398,Active,,,https://www.redfin.com/NY/Flushing/137-08-31st-Rd-11354/unit-2E/home/22001291,OneKey,3450313,N,Y,40.769485,-73.8311559
MLS Listing,,Condo/Co-op,160 W 87th St Unit 3A,New York,NY,10024,1200000,2,1.0,160 W. 87th Street Corp,1300,,1914,1,923,1784,Active,,,https://www.redfin.com/NY/New-York/160-W-87th-St-10024/unit-3A/home/179703448,OneKey,3450302,N,Y,40.7877872,-73.9737053
MLS Listing,,Condo/Co-op,216-02 67 Ave Unit Duplex,Bayside,NY,11364,388000,2,1.5,Bell Park Gardens,,,1950,1,,857,Active,January-7-2023 12:45 PM,January-7-2023 02:00 PM,https://www.redfin.com/NY/Oakland-Gardens/216-2-67th-Ave-11364/unit-Duplex/home/183630559,OneKey,3450311,N,Y,40.7441914,-73.7594686
MLS Listing,,Townhouse,64 Willow Wood Ln,Staten Island,NY,10308,849000,4,4.5,Great Kills,2408,2575,1985,1,353,,Pre On-Market,January-7-2023 01:00 PM,January-7-2023 04:00 PM,https://www.redfin.com/NY/Staten-Island/64-Willowwood-Ln-10308/home/56088164,SIBORMLS,1159374,N,Y,40.5596064,-74.1435554
MLS Listing,,Multi-Family (2-4 Unit),915 61 St,Brooklyn,NY,11219,1299000,6,3.0,Brooklyn,1760,2000,1925,1,738,,Active,,,https://www.redfin.com/NY/Brooklyn/915-61st-St-11219/home/40807812,BNYMLS,470736,N,Y,40.6334245,-74.007347
MLS Listing,,Single Family Residential,51 Lamped Loop,Staten Island,NY,10314,389000,2,1.5,New Springville,984,984,1985,1,395,292,Active,,,https://www.redfin.com/NY/Staten-Island/51-Lamped-Loop-10314/home/56038661,SIBORMLS,1159373,N,Y,40.585614,-74.1637682
MLS Listing,,Multi-Family (2-4 Unit),137-09 132nd Ave,South Ozone Park,NY,11436,935000,4,3.0,South Ozone Park,2024,3200,1945,1,462,,Active,,,https://www.redfin.com/NY/Jamaica/137-09-132nd-Ave-11436/home/20709446,OneKey,3450301,N,Y,40.6700585,-73.8002055
MLS Listing,,Condo/Co-op,41-08 43rd St Unit 6A,Sunnyside,NY,11104,535000,2,1.0,41-08 43rd St Owners,1000,,1936,1,535,987,Active,January-7-2023 12:00 PM,January-7-2023 01:30 PM,https://www.redfin.com/NY/Queens/4108-43rd-St-11104/unit-6A/home/183630499,OneKey,3450300,N,Y,40.7465691,-73.921148
MLS Listing,,Condo/Co-op,4525 Henry Hudson Pkwy #1001,Bronx,NY,10471,424900,2,1.5,Briar Oaks,1250,,1982,1,340,1441,Active,January-7-2023 01:00 PM,January-7-2023 02:30 PM,https://www.redfin.com/NY/The-Bronx/4525-Henry-Hudson-Pkwy-10471/unit-1001/home/183630497,OneKey,H6224605,N,Y,40.8923453,-73.9093165
MLS Listing,,Multi-Family (2-4 Unit),139 Bionia Ave,State Island,NY,10305,870000,4,2.0,State Island,2112,4000,1965,1,412,,Active,,,https://www.redfin.com/NY/Staten-Island/139-Bionia-Ave-10305/home/56136769,BNYMLS,470805,N,Y,40.5943908,-74.073637
MLS Listing,,Townhouse,281 Giffords Ln,Staten Island,NY,10308,988000,4,2.0,Great Kills,2256,5406,1935,1,438,,Active,January-7-2023 12:00 PM,January-7-2023 03:00 PM,https://www.redfin.com/NY/Staten-Island/281-Giffords-Ln-10308/home/56098629,SIBORMLS,1159372,N,Y,40.5583619,-74.1531498
MLS Listing,,Condo/Co-op,75 Wall St Unit 24m,New York,NY,10005,1890000,2,2.0,Off Island,1250,30794,1987,1,1512,1449,Active,,,https://www.redfin.com/NY/New-York/75-Wall-St-10005/unit-24M/home/45219014,SIBORMLS,1159371,N,Y,40.7051691,-74.008024
MLS Listing,,Townhouse,180 Cannon Ave,Staten Island,NY,10314,799000,3,1.0,Travis,2104,6204,1965,1,380,,Active,,,https://www.redfin.com/NY/Staten-Island/180-Cannon-Ave-10314/home/56040850,SIBORMLS,1159370,N,Y,40.5940174,-74.1908986
MLS Listing,,Condo/Co-op,268-25 82nd Ave Unit 279B,New Hyde Park,NY,11040,329000,2,1.0,Langdale Gardens,,,1950,1,,935,Active,January-7-2023 01:00 PM,January-7-2023 03:00 PM,https://www.redfin.com/NY/Queens/26825-82nd-Ave-11040/unit-279B/home/183630176,OneKey,3450292,N,Y,40.7430235,-73.7017012
MLS Listing,,Condo/Co-op,64-11 99th St #405,Rego Park,NY,11374,409500,1,1.0,Sutton,,,1952,1,,706,Active,,,https://www.redfin.com/NY/Rego-Park/64-11-99th-St-11374/unit-405/home/181506584,OneKey,3450295,N,Y,40.7308066,-73.8556439
MLS Listing,,Single Family Residential,120-33 28th Ave,Flushing,NY,11354,818000,4,3.0,Flushing,,1800,1925,1,,,Active,January-8-2023 12:00 PM,January-8-2023 01:30 PM,https://www.redfin.com/NY/Flushing/120-33-28th-Ave-11354/home/20866360,OneKey,3450294,N,Y,40.7732914,-73.8465986
MLS Listing,,Condo/Co-op,115-25 84 Ave Unit 6F,Kew Gardens,NY,11418,249000,1,1.0,Rose Smith,,,1950,1,,621,Active,,,https://www.redfin.com/NY/Queens/115-25-84th-Ave-11418/unit-6F/home/177813586,OneKey,3450293,N,Y,40.7038782,-73.8360695
MLS Listing,,Single Family Residential,115-17 146 St,Jamaica,NY,11436,665000,3,1.5,Jamaica,,2000,1930,1,,,Active,,,https://www.redfin.com/NY/Queens/115-17-146th-St-11436/home/20718431,OneKey,3450290,N,Y,40.6831019,-73.7957592
MLS Listing,,Condo/Co-op,2011 Avenue X Unit 4B,Brooklyn,NY,11235,499000,1,1.0,Brooklyn,800,,2011,1,624,,Active,,,https://www.redfin.com/NY/Brooklyn/2011-Avenue-X-11235/unit-4B/home/40924941,BNYMLS,470816,N,Y,40.5930443,-73.949713
MLS Listing,,Multi-Family (2-4 Unit),1773 Westchester Ave,Bronx,NY,10472,899000,8,4.0,BRONX,2920,,1965,1,308,,Active,,,https://www.redfin.com/NY/The-Bronx/1773-Westchester-Ave-10472/home/44721407,OneKey,H6225241,N,Y,40.8318652,-73.8675368
MLS Listing,,Multi-Family (2-4 Unit),4309 104 St,Corona,NY,11368,1200000,8,2.0,Corona,2600,2500,1901,1,462,,Pre On-Market,,,https://www.redfin.com/NY/Flushing/43-09-104th-St-11368/home/20916922,OneKey,3450283,N,Y,40.747588,-73.8602049
MLS Listing,,Multi-Family (2-4 Unit),32-73 33rd St,Long Island City,NY,11106,1570000,5,3.0,Long Island City,2560,2425,1930,1,613,,Active,,,https://www.redfin.com/NY/Queens/32-73-33rd-St-11106/home/20954771,OneKey,3450280,N,Y,40.75929,-73.9249829
MLS Listing,,Single Family Residential,87-31 252 St,Bellerose,NY,11426,775000,3,2.0,Bellerose,,3300,1927,1,,,Active,January-7-2023 01:00 PM,January-7-2023 02:30 PM,https://www.redfin.com/NY/Queens/8731-252nd-St-11426/home/20795278,OneKey,3450288,N,Y,40.7297245,-73.7136169
MLS Listing,,Condo/Co-op,34-31 82 St #51,Jackson Heights,NY,11372,465000,2,1.0,The Colonials,1050,,1915,1,443,1110,Active,,,https://www.redfin.com/NY/Flushing/34-31-82nd-St-11372/unit-51/home/20645754,OneKey,3450289,N,Y,40.7528407,-73.8846085
MLS Listing,,Single Family Residential,187-09 Jordan Ave,Saint Albans,NY,11412,779000,4,4.0,Saint Albans,,4000,1930,1,,,Active,,,https://www.redfin.com/NY/Jamaica/187-09-Jordan-Ave-11412/home/20751042,OneKey,3450278,N,Y,40.6998064,-73.7677655
MLS Listing,,Condo/Co-op,138-45 Jewel Ave Unit B,Kew Garden Hills,NY,11367,429888,2,1.0,Joyce Gardens,,,1960,1,,1075,Active,,,https://www.redfin.com/NY/Flushing/138-45-Jewel-Ave-11367/unit-B/home/183630064,OneKey,3450287,N,Y,40.7293991,-73.8263674
MLS Listing,,Condo/Co-op,73-12 35th Ave Unit D25,Jackson Heights,NY,11372,869500,3,2.0,Washington Plaza,1260,,1940,1,690,1714,Active,,,https://www.redfin.com/NY/Queens/73-12-35th-Ave-11372/unit-D25/home/178755062,OneKey,3450281,N,Y,40.7501671,-73.8924608
MLS Listing,,Vacant Land,77 Woodland Ave,Staten Island,NY,10308,699000,0,,Great Kills,,10500,,1,,,Active,,,https://www.redfin.com/NY/Staten-Island/77-Woodland-Ave-10308/home/56126465,SIBORMLS,1159369,N,Y,40.5547238,-74.1546292
MLS Listing,,Single Family Residential,441 Marine Ave,Brooklyn,NY,11209,759000,2,2.0,Brooklyn,1248,1430,1930,1,608,,Active,,,https://www.redfin.com/NY/Brooklyn/441-Marine-Ave-11209/home/40820537,BNYMLS,470815,N,Y,40.6136061,-74.0313549
MLS Listing,,Single Family Residential,1362 E 31 St,Brooklyn,NY,11210,2900000,4,4.5,Brooklyn,3720,3150,2002,1,780,,Active,,,https://www.redfin.com/NY/Brooklyn/1362-E-31st-St-11210/home/40872453,BNYMLS,470768,N,Y,40.6182436,-73.9445009
MLS Listing,,Townhouse,,Staten Island,NY,10314,729000,4,3.0,,1575,4000,1920,1,463,,Active,,,https://www.redfin.com/NY/Staten-Island/Undisclosed-address-10314/home/56131664,SIBORMLS,1159368,N,Y,40.601235,-74.1300405
MLS Listing,,Single Family Residential,75 Parkview Loop,Staten Island,NY,10314,449000,3,1.5,Bulls Head,1142,1142,1980,1,393,218,Active,,,https://www.redfin.com/NY/Staten-Island/75-Parkview-Loop-10314/home/56086192,SIBORMLS,1159367,N,Y,40.6095572,-74.1562237
MLS Listing,,Townhouse,481 Father Capodanno Blvd,Staten Island,NY,10305,935000,3,3.5,South Beach,2700,4024,2004,1,346,70,Active,,,https://www.redfin.com/NY/Staten-Island/481-Father-Capodanno-Blvd-10305/home/181061197,SIBORMLS,1159366,N,Y,40.5862445,-74.0709774
MLS Listing,,Single Family Residential,19 Benjamin Pl,Staten Island,NY,10303,549900,3,2.0,Arlington,912,5000,1960,1,603,,Active,,,https://www.redfin.com/NY/Staten-Island/19-Benjamin-Pl-10303/home/56106219,SIBORMLS,1159365,N,Y,40.6375544,-74.168975
MLS Listing,,Single Family Residential,113 Purcell St,Staten Island,NY,10310,645000,3,1.5,Clove Lake,2112,5883,1960,1,305,,Active,,,https://www.redfin.com/NY/Staten-Island/113-Purcell-St-10310/home/56098283,SIBORMLS,1159364,N,Y,40.6280913,-74.1161734
MLS Listing,,Multi-Family (2-4 Unit),64-40 138th St,Flushing,NY,11367,1858000,8,3.5,Flushing,2920,4807,1945,1,636,,Active,,,https://www.redfin.com/NY/Queens/64-40-138th-St-11367/home/20830204,OneKey,3450260,N,Y,40.7377395,-73.8286956
MLS Listing,,Condo/Co-op,735 Kappock St Unit 8C,Bronx,NY,10463,385000,2,2.0,Riverdale,1100,,1957,1,350,1333,Active,,,https://www.redfin.com/NY/The-Bronx/735-Kappock-St-10463/unit-8C/home/92225082,OneKey,H6224966,N,Y,40.8823112,-73.9195127
MLS Listing,,Condo/Co-op,107-24 71st Rd Unit 3E,Forest Hills,NY,11375,1350000,2,2.0,The Wndsor,1142,13000,2005,1,1182,1070,Active,January-7-2023 01:00 PM,January-7-2023 03:00 PM,https://www.redfin.com/NY/Queens/10724-71st-Rd-11375/unit-3E/home/20662583,OneKey,3450262,N,Y,40.7202429,-73.8430513
MLS Listing,,Condo/Co-op,3530 Henry Hudson Pkwy Unit 5F,Bronx,NY,10463,407500,2,1.0,Parkway House,1050,,1955,1,388,917,Active,,,https://www.redfin.com/NY/The-Bronx/3530-Henry-Hudson-Pkwy-10463/unit-5F/home/44768748,OneKey,H6225371,N,Y,40.8865101,-73.9115947
MLS Listing,,Condo/Co-op,5650 Netherland Ave Unit 2D,Bronx,NY,10471,175000,1,1.0,Netherland Gardens,750,,1949,1,233,784,Active,,,https://www.redfin.com/NY/Bronx/5650-Netherland-Ave-10471/unit-2D/home/179346855,OneKey,H6224862,N,Y,40.9052538,-73.9061165
MLS Listing,,Single Family Residential,955 W Fingerboard Rd,Staten Island,NY,10304,515000,2,2.0,Grasmere,1344,1600,1986,1,383,291,Active,,,https://www.redfin.com/NY/Staten-Island/955-W-Fingerboard-Rd-10304/home/56134452,SIBORMLS,1159363,N,Y,40.6014311,-74.0875754
MLS Listing,,Condo/Co-op,1350 Ocean Pkwy Unit 6g,Brooklyn,NY,11230,399000,2,1.0,Midwood,1000,1000,1949,1,399,1046,Active,,,https://www.redfin.com/NY/Brooklyn/1350-Ocean-Pkwy-11230/unit-6G/home/40652137,SIBORMLS,1159362,N,Y,40.6157378,-73.9696944
MLS Listing,,Multi-Family (2-4 Unit),165 Battery Ave,Brooklyn,NY,11209,1388000,5,3.5,Brooklyn,2400,3143,1899,1,578,,Active,,,https://www.redfin.com/NY/Brooklyn/165-Battery-Ave-11209/home/40821171,BNYMLS,470811,N,Y,40.6151281,-74.0247449
MLS Listing,,Single Family Residential,14 Cypress Ave,Staten Island,NY,10301,499000,2,1.0,Sunnyside,784,4000,1945,1,636,,Active,,,https://www.redfin.com/NY/Staten-Island/14-Cypress-Ave-10301/home/56047354,SIBORMLS,1159361,N,Y,40.614211,-74.1088323
MLS Listing,,Multi-Family (2-4 Unit),155-34 116th Ave,Jamaica,NY,11434,659000,4,4.0,Jamaica,,4242,1960,1,,,Active,,,https://www.redfin.com/NY/Queens/155-34-116th-Ave-11434/home/20713076,OneKey,3450243,N,Y,40.6840553,-73.7884864
MLS Listing,,Condo/Co-op,170 Arlo Rd Unit A,Staten Island,NY,10301,269900,2,1.0,Grymes Hill,800,,1951,1,337,892,Active,,,https://www.redfin.com/NY/Staten-Island/170-Arlo-Rd-10301/unit-A/home/183628811,SIBORMLS,1159360,N,Y,40.6191552,-74.0957125
MLS Listing,,Multi-Family (2-4 Unit),150 Bay 38th St,Brooklyn,NY,11214,1480000,6,4.0,Brooklyn,2400,2320,1927,1,617,,Active,January-7-2023 01:00 PM,January-7-2023 03:00 PM,https://www.redfin.com/NY/Brooklyn/150-Bay-38th-St-11214/home/183628768,BNYMLS,470814,N,Y,40.5955425,-73.9912327
MLS Listing,,Single Family Residential,37 N North Ave,Staten Island,NY,10302,649000,3,1.5,Westerleigh,1368,4120,1955,1,474,,Active,,,https://www.redfin.com/NY/Staten-Island/37-North-Ave-10302/home/56138741,SIBORMLS,1159358,N,Y,40.6237949,-74.1365435
MLS Listing,,Single Family Residential,1032 Rathbun Ave Unit B,Staten Island,NY,10309,439000,2,1.5,Princes Bay,960,800,1987,1,457,220,Active,,,https://www.redfin.com/NY/Staten-Island/1032-Rathbun-Ave-10309/unit-B/home/148233609,SIBORMLS,1159359,N,Y,40.5359229,-74.2106961
MLS Listing,,Condo/Co-op,138-32 68th Dr Unit 2C,Kew Garden Hills,NY,11367,279000,1,1.0,Joyce Garden,700,,1952,1,399,622,Active,January-7-2023 01:00 PM,January-7-2023 03:00 PM,https://www.redfin.com/NY/Flushing/138-32-68th-Dr-11367/unit-2C/home/63686250,OneKey,3450230,N,Y,40.730375,-73.8273907
MLS Listing,,Multi-Family (2-4 Unit),1092 Lenox Rd,Brooklyn,NY,11212,1275000,9,4.0,Brooklyn,3198,2500,1930,1,399,,Active,,,https://www.redfin.com/NY/Brooklyn/1092-Lenox-Rd-11212/home/40772870,BNYMLS,470813,N,Y,40.6583654,-73.919577
MLS Listing,,Multi-Family (5+ Unit),62 Fillmore St,Staten Island,NY,10301,759000,8,2.0,New Brighton,1768,3740,1910,1,429,,Active,,,https://www.redfin.com/NY/Staten-Island/62-Fillmore-St-10301/home/56123449,SIBORMLS,1159310,N,Y,40.6446823,-74.0905701
MLS Listing,,Condo/Co-op,298 Timber Ridge Drive Dr,Staten Island,NY,10308,299000,1,1.0,Bay Terrace,758,758,1981,1,394,235,Active,,,https://www.redfin.com/NY/Staten-Island/298-Timber-Ridge-Dr-10308/home/183628354,SIBORMLS,1159356,N,Y,40.5547664,-74.1431102
MLS Listing,,Single Family Residential,248-34 Thebes Ave,Little Neck,NY,11362,950000,3,2.0,Little Neck,1513,5000,1950,1,628,,Active,January-7-2023 12:00 PM,January-7-2023 02:00 PM,https://www.redfin.com/NY/Queens/248-34-Thebes-Ave-11362/home/20798249,OneKey,3450229,N,Y,40.7654667,-73.73673
MLS Listing,,Multi-Family (2-4 Unit),16 Florence St,Staten  Island,NY,10308,718000,5,3.5,Staten  Island,2862,6963,1940,1,251,,Active,,,https://www.redfin.com/NY/Staten-Island/16-Florence-St-10308/home/56067870,BNYMLS,470727,N,Y,40.5442741,-74.1458102
